id,character,episode,world,category,source_position,name,area,count_scope,detail_status,source
bbsfm:terra:land-of-departure:treasure:1,Terra,main,Land of Departure,treasure,1,Pulsing Crystal,Mountain Path,world-collectibles,area-only; precise directions pending,https://www.khwiki.com/Game:Land_of_Departure
bbsfm:terra:land-of-departure:treasure:2,Terra,main,Land of Departure,treasure,2,Hi-Potion,Mountain Path,world-collectibles,area-only; precise directions pending,https://www.khwiki.com/Game:Land_of_Departure
bbsfm:terra:land-of-departure:treasure:3,Terra,main,Land of Departure,treasure,3,Stop,Mountain Path,world-collectibles,area-only; precise directions pending,https://www.khwiki.com/Game:Land_of_Departure
bbsfm:terra:land-of-departure:treasure:4,Terra,main,Land of Departure,treasure,4,Soothing Crystal,Summit,world-collectibles,area-only; precise directions pending,https://www.khwiki.com/Game:Land_of_Departure
bbsfm:ventus:land-of-departure:tutorial-treasure:tutorial,Ventus,main,Land of Departure,tutorial-treasure,,Sliding Dash,Mountain Path,acquisition-only,area-only; precise directions pending,https://www.khwiki.com/Game:Land_of_Departure
bbsfm:aqua:land-of-departure:treasure:1,Aqua,main,Land of Departure,treasure,1,Shimmering Crystal,Mountain Path,world-collectibles,area-only; precise directions pending,https://www.khwiki.com/Game:Land_of_Departure
bbsfm:aqua:land-of-departure:treasure:2,Aqua,main,Land of Departure,treasure,2,Hi-Potion,Mountain Path,world-collectibles,area-only; precise directions pending,https://www.khwiki.com/Game:Land_of_Departure
bbsfm:aqua:land-of-departure:treasure:3,Aqua,main,Land of Departure,treasure,3,Bind,Mountain Path,world-collectibles,area-only; precise directions pending,https://www.khwiki.com/Game:Land_of_Departure
bbsfm:aqua:land-of-departure:treasure:4,Aqua,main,Land of Departure,treasure,4,Fleeting Crystal,Summit,world-collectibles,area-only; precise directions pending,https://www.khwiki.com/Game:Land_of_Departure
bbsfm:terra:dwarf-woodlands:treasure:1,Terra,main,Dwarf Woodlands,treasure,1,Balloon Letter,Vault,world-collectibles,area-only; precise directions pending,https://www.khwiki.com/Game:Dwarf_Woodlands
bbsfm:terra:dwarf-woodlands:treasure:2,Terra,main,Dwarf Woodlands,treasure,2,Ether,Vault,world-collectibles,area-only; precise directions pending,https://www.khwiki.com/Game:Dwarf_Woodlands
bbsfm:terra:dwarf-woodlands:treasure:3,Terra,main,Dwarf Woodlands,treasure,3,Potion,Vault,world-collectibles,area-only; precise directions pending,https://www.khwiki.com/Game:Dwarf_Woodlands
bbsfm:terra:dwarf-woodlands:treasure:4,Terra,main,Dwarf Woodlands,treasure,4,Flame Salvo,Vault,world-collectibles,area-only; precise directions pending,https://www.khwiki.com/Game:Dwarf_Woodlands
bbsfm:terra:dwarf-woodlands:treasure:5,Terra,main,Dwarf Woodlands,treasure,5,Potion,Underground Waterway,world-collectibles,area-only; precise directions pending,https://www.khwiki.com/Game:Dwarf_Woodlands
bbsfm:terra:dwarf-woodlands:treasure:6,Terra,main,Dwarf Woodlands,treasure,6,Block Recipe,Underground Waterway,world-collectibles,area-only; precise directions pending,https://www.khwiki.com/Game:Dwarf_Woodlands
bbsfm:terra:dwarf-woodlands:treasure:7,Terra,main,Dwarf Woodlands,treasure,7,Poison Edge,Underground Waterway,world-collectibles,area-only; precise directions pending,https://www.khwiki.com/Game:Dwarf_Woodlands
bbsfm:terra:dwarf-woodlands:treasure:8,Terra,main,Dwarf Woodlands,treasure,8,Fire,Underground Waterway,world-collectibles,area-only; precise directions pending,https://www.khwiki.com/Game:Dwarf_Woodlands
bbsfm:terra:dwarf-woodlands:treasure:9,Terra,main,Dwarf Woodlands,treasure,9,Fission Firaga,Courtyard,world-collectibles,area-only; precise directions pending,https://www.khwiki.com/Game:Dwarf_Woodlands
bbsfm:terra:dwarf-woodlands:treasure:10,Terra,main,Dwarf Woodlands,treasure,10,Potion,Courtyard,world-collectibles,area-only; precise directions pending,https://www.khwiki.com/Game:Dwarf_Woodlands
bbsfm:terra:dwarf-woodlands:treasure:11,Terra,main,Dwarf Woodlands,treasure,11,Map,Courtyard,world-collectibles,area-only; precise directions pending,https://www.khwiki.com/Game:Dwarf_Woodlands
bbsfm:terra:dwarf-woodlands:treasure:12,Terra,main,Dwarf Woodlands,treasure,12,Soothing Crystal,Courtyard,world-collectibles,area-only; precise directions pending,https://www.khwiki.com/Game:Dwarf_Woodlands
bbsfm:terra:dwarf-woodlands:treasure:13,Terra,main,Dwarf Woodlands,treasure,13,Hungry Crystal,Flower Glade,world-collectibles,area-only; precise directions pending,https://www.khwiki.com/Game:Dwarf_Woodlands
bbsfm:ventus:dwarf-woodlands:treasure:1,Ventus,main,Dwarf Woodlands,treasure,1,Payback Raid,The Mine,world-collectibles,area-only; precise directions pending,https://www.khwiki.com/Game:Dwarf_Woodlands
bbsfm:ventus:dwarf-woodlands:treasure:2,Ventus,main,Dwarf Woodlands,treasure,2,Panacea,The Mine,world-collectibles,area-only; precise directions pending,https://www.khwiki.com/Game:Dwarf_Woodlands
bbsfm:ventus:dwarf-woodlands:treasure:3,Ventus,main,Dwarf Woodlands,treasure,3,Mini,The Mine,world-collectibles,area-only; precise directions pending,https://www.khwiki.com/Game:Dwarf_Woodlands
bbsfm:ventus:dwarf-woodlands:treasure:4,Ventus,main,Dwarf Woodlands,treasure,4,Soothing Crystal,Flower Glade,world-collectibles,area-only; precise directions pending,https://www.khwiki.com/Game:Dwarf_Woodlands
bbsfm:ventus:dwarf-woodlands:treasure:5,Ventus,main,Dwarf Woodlands,treasure,5,Shimmering Crystal,Deep Woods,world-collectibles,area-only; precise directions pending,https://www.khwiki.com/Game:Dwarf_Woodlands
bbsfm:ventus:dwarf-woodlands:treasure:6,Ventus,main,Dwarf Woodlands,treasure,6,Potion,Deep Woods,world-collectibles,area-only; precise directions pending,https://www.khwiki.com/Game:Dwarf_Woodlands
bbsfm:ventus:dwarf-woodlands:treasure:7,Ventus,main,Dwarf Woodlands,treasure,7,Ether,Deep Woods,world-collectibles,area-only; precise directions pending,https://www.khwiki.com/Game:Dwarf_Woodlands
bbsfm:ventus:dwarf-woodlands:treasure:8,Ventus,main,Dwarf Woodlands,treasure,8,Fire,Cottage Clearing,world-collectibles,area-only; precise directions pending,https://www.khwiki.com/Game:Dwarf_Woodlands
bbsfm:ventus:dwarf-woodlands:treasure:9,Ventus,main,Dwarf Woodlands,treasure,9,Poison,Cottage Clearing,world-collectibles,area-only; precise directions pending,https://www.khwiki.com/Game:Dwarf_Woodlands
bbsfm:ventus:dwarf-woodlands:treasure:10,Ventus,main,Dwarf Woodlands,treasure,10,Map,Cottage Clearing,world-collectibles,area-only; precise directions pending,https://www.khwiki.com/Game:Dwarf_Woodlands
bbsfm:ventus:dwarf-woodlands:treasure:11,Ventus,main,Dwarf Woodlands,treasure,11,Attack Recipe,The Cottage,world-collectibles,area-only; precise directions pending,https://www.khwiki.com/Game:Dwarf_Woodlands
bbsfm:ventus:dwarf-woodlands:treasure:12,Ventus,main,Dwarf Woodlands,treasure,12,Potion,Mountain Trail,world-collectibles,area-only; precise directions pending,https://www.khwiki.com/Game:Dwarf_Woodlands
bbsfm:ventus:dwarf-woodlands:treasure:13,Ventus,main,Dwarf Woodlands,treasure,13,Ether,Mountain Trail,world-collectibles,area-only; precise directions pending,https://www.khwiki.com/Game:Dwarf_Woodlands
bbsfm:ventus:dwarf-woodlands:treasure:14,Ventus,main,Dwarf Woodlands,treasure,14,Potion,Mountain Trail,world-collectibles,area-only; precise directions pending,https://www.khwiki.com/Game:Dwarf_Woodlands
bbsfm:aqua:dwarf-woodlands:treasure:1,Aqua,main,Dwarf Woodlands,treasure,1,Balloon Letter,Vault,world-collectibles,area-only; precise directions pending,https://www.khwiki.com/Game:Dwarf_Woodlands
bbsfm:aqua:dwarf-woodlands:treasure:2,Aqua,main,Dwarf Woodlands,treasure,2,Potion,Vault,world-collectibles,area-only; precise directions pending,https://www.khwiki.com/Game:Dwarf_Woodlands
bbsfm:aqua:dwarf-woodlands:treasure:3,Aqua,main,Dwarf Woodlands,treasure,3,Shimmering Crystal,Vault,world-collectibles,area-only; precise directions pending,https://www.khwiki.com/Game:Dwarf_Woodlands
bbsfm:aqua:dwarf-woodlands:treasure:4,Aqua,main,Dwarf Woodlands,treasure,4,Magnet,Vault,world-collectibles,area-only; precise directions pending,https://www.khwiki.com/Game:Dwarf_Woodlands
bbsfm:aqua:dwarf-woodlands:treasure:5,Aqua,main,Dwarf Woodlands,treasure,5,Shimmering Crystal,Underground Waterway,world-collectibles,area-only; precise directions pending,https://www.khwiki.com/Game:Dwarf_Woodlands
bbsfm:aqua:dwarf-woodlands:treasure:6,Aqua,main,Dwarf Woodlands,treasure,6,Fleeting Crystal,Underground Waterway,world-collectibles,area-only; precise directions pending,https://www.khwiki.com/Game:Dwarf_Woodlands
bbsfm:aqua:dwarf-woodlands:treasure:7,Aqua,main,Dwarf Woodlands,treasure,7,Fire,Underground Waterway,world-collectibles,area-only; precise directions pending,https://www.khwiki.com/Game:Dwarf_Woodlands
bbsfm:aqua:dwarf-woodlands:treasure:8,Aqua,main,Dwarf Woodlands,treasure,8,Fission Firaga,Courtyard,world-collectibles,area-only; precise directions pending,https://www.khwiki.com/Game:Dwarf_Woodlands
bbsfm:aqua:dwarf-woodlands:treasure:9,Aqua,main,Dwarf Woodlands,treasure,9,Potion,Courtyard,world-collectibles,area-only; precise directions pending,https://www.khwiki.com/Game:Dwarf_Woodlands
bbsfm:aqua:dwarf-woodlands:treasure:10,Aqua,main,Dwarf Woodlands,treasure,10,Map,Courtyard,world-collectibles,area-only; precise directions pending,https://www.khwiki.com/Game:Dwarf_Woodlands
bbsfm:aqua:dwarf-woodlands:treasure:11,Aqua,main,Dwarf Woodlands,treasure,11,Fleeting Crystal,Courtyard,world-collectibles,area-only; precise directions pending,https://www.khwiki.com/Game:Dwarf_Woodlands
bbsfm:aqua:dwarf-woodlands:treasure:12,Aqua,main,Dwarf Woodlands,treasure,12,Hungry Crystal,Flower Glade,world-collectibles,area-only; precise directions pending,https://www.khwiki.com/Game:Dwarf_Woodlands
bbsfm:aqua:dwarf-woodlands:treasure:13,Aqua,main,Dwarf Woodlands,treasure,13,Hi-Potion,Deep Woods,world-collectibles,area-only; precise directions pending,https://www.khwiki.com/Game:Dwarf_Woodlands
bbsfm:aqua:dwarf-woodlands:treasure:14,Aqua,main,Dwarf Woodlands,treasure,14,Ether,Deep Woods,world-collectibles,area-only; precise directions pending,https://www.khwiki.com/Game:Dwarf_Woodlands
bbsfm:aqua:dwarf-woodlands:treasure:15,Aqua,main,Dwarf Woodlands,treasure,15,Potion,Deep Woods,world-collectibles,area-only; precise directions pending,https://www.khwiki.com/Game:Dwarf_Woodlands
bbsfm:aqua:dwarf-woodlands:treasure:16,Aqua,main,Dwarf Woodlands,treasure,16,Payback Surge,Cottage Clearing,world-collectibles,area-only; precise directions pending,https://www.khwiki.com/Game:Dwarf_Woodlands
bbsfm:aqua:dwarf-woodlands:treasure:17,Aqua,main,Dwarf Woodlands,treasure,17,Poison,Cottage Clearing,world-collectibles,area-only; precise directions pending,https://www.khwiki.com/Game:Dwarf_Woodlands
bbsfm:aqua:dwarf-woodlands:treasure:18,Aqua,main,Dwarf Woodlands,treasure,18,Attack Recipe,The Cottage,world-collectibles,area-only; precise directions pending,https://www.khwiki.com/Game:Dwarf_Woodlands
bbsfm:terra:castle-of-dreams:treasure:1,Terra,main,Castle of Dreams,treasure,1,Thunderstorm,The Chateau,world-collectibles,area-only; precise directions pending,https://www.khwiki.com/Game:Castle_of_Dreams
bbsfm:terra:castle-of-dreams:treasure:2,Terra,main,Castle of Dreams,treasure,2,Pulsing Crystal,Palace Courtyard,world-collectibles,area-only; precise directions pending,https://www.khwiki.com/Game:Castle_of_Dreams
bbsfm:terra:castle-of-dreams:treasure:3,Terra,main,Castle of Dreams,treasure,3,Wellspring Crystal,Palace Courtyard,world-collectibles,area-only; precise directions pending,https://www.khwiki.com/Game:Castle_of_Dreams
bbsfm:terra:castle-of-dreams:treasure:4,Terra,main,Castle of Dreams,treasure,4,Slow,Palace Courtyard,world-collectibles,area-only; precise directions pending,https://www.khwiki.com/Game:Castle_of_Dreams
bbsfm:terra:castle-of-dreams:treasure:5,Terra,main,Castle of Dreams,treasure,5,Map,Palace Courtyard,world-collectibles,area-only; precise directions pending,https://www.khwiki.com/Game:Castle_of_Dreams
bbsfm:terra:castle-of-dreams:treasure:6,Terra,main,Castle of Dreams,treasure,6,Fleeting Crystal,Ballroom Balcony,world-collectibles,area-only; precise directions pending,https://www.khwiki.com/Game:Castle_of_Dreams
bbsfm:terra:castle-of-dreams:treasure:7,Terra,main,Castle of Dreams,treasure,7,Strike Raid,Foyer,world-collectibles,area-only; precise directions pending,https://www.khwiki.com/Game:Castle_of_Dreams
bbsfm:terra:castle-of-dreams:treasure:8,Terra,main,Castle of Dreams,treasure,8,Potion,Foyer,world-collectibles,area-only; precise directions pending,https://www.khwiki.com/Game:Castle_of_Dreams
bbsfm:terra:castle-of-dreams:treasure:9,Terra,main,Castle of Dreams,treasure,9,Hi-Potion,Foyer,world-collectibles,area-only; precise directions pending,https://www.khwiki.com/Game:Castle_of_Dreams
bbsfm:terra:castle-of-dreams:treasure:10,Terra,main,Castle of Dreams,treasure,10,Soothing Crystal,Foyer,world-collectibles,area-only; precise directions pending,https://www.khwiki.com/Game:Castle_of_Dreams
bbsfm:terra:castle-of-dreams:treasure:11,Terra,main,Castle of Dreams,treasure,11,Thunder,Antechamber,world-collectibles,area-only; precise directions pending,https://www.khwiki.com/Game:Castle_of_Dreams
bbsfm:ventus:castle-of-dreams:treasure:1,Ventus,main,Castle of Dreams,treasure,1,Map,Cinderella's Room,world-collectibles,area-only; precise directions pending,https://www.khwiki.com/Game:Castle_of_Dreams
bbsfm:ventus:castle-of-dreams:treasure:2,Ventus,main,Castle of Dreams,treasure,2,Stun Edge,Cinderella's Room,world-collectibles,area-only; precise directions pending,https://www.khwiki.com/Game:Castle_of_Dreams
bbsfm:ventus:castle-of-dreams:treasure:3,Ventus,main,Castle of Dreams,treasure,3,Magic Recipe,Cinderella's Room,world-collectibles,area-only; precise directions pending,https://www.khwiki.com/Game:Castle_of_Dreams
bbsfm:ventus:castle-of-dreams:treasure:4,Ventus,main,Castle of Dreams,treasure,4,Potion,Mousehole,world-collectibles,area-only; precise directions pending,https://www.khwiki.com/Game:Castle_of_Dreams
bbsfm:ventus:castle-of-dreams:treasure:5,Ventus,main,Castle of Dreams,treasure,5,Thunderstorm,Mousehole,world-collectibles,area-only; precise directions pending,https://www.khwiki.com/Game:Castle_of_Dreams
bbsfm:ventus:castle-of-dreams:treasure:6,Ventus,main,Castle of Dreams,treasure,6,Ether,Mousehole,world-collectibles,area-only; precise directions pending,https://www.khwiki.com/Game:Castle_of_Dreams
bbsfm:ventus:castle-of-dreams:treasure:7,Ventus,main,Castle of Dreams,treasure,7,Pulsing Crystal,Mousehole,world-collectibles,area-only; precise directions pending,https://www.khwiki.com/Game:Castle_of_Dreams
bbsfm:ventus:castle-of-dreams:treasure:8,Ventus,main,Castle of Dreams,treasure,8,Potion,Mousehole,world-collectibles,area-only; precise directions pending,https://www.khwiki.com/Game:Castle_of_Dreams
bbsfm:ventus:castle-of-dreams:treasure:9,Ventus,main,Castle of Dreams,treasure,9,Hungry Crystal,Mousehole,world-collectibles,area-only; precise directions pending,https://www.khwiki.com/Game:Castle_of_Dreams
bbsfm:ventus:castle-of-dreams:treasure:10,Ventus,main,Castle of Dreams,treasure,10,Zero Gravity,Wardrobe Room,world-collectibles,area-only; precise directions pending,https://www.khwiki.com/Game:Castle_of_Dreams
bbsfm:ventus:castle-of-dreams:treasure:11,Ventus,main,Castle of Dreams,treasure,11,Balloon Letter,Wardrobe Room,world-collectibles,area-only; precise directions pending,https://www.khwiki.com/Game:Castle_of_Dreams
bbsfm:ventus:castle-of-dreams:treasure:12,Ventus,main,Castle of Dreams,treasure,12,Blizzard,Wardrobe Room,world-collectibles,area-only; precise directions pending,https://www.khwiki.com/Game:Castle_of_Dreams
bbsfm:ventus:castle-of-dreams:treasure:13,Ventus,main,Castle of Dreams,treasure,13,Fleeting Crystal,Wardrobe Room,world-collectibles,area-only; precise directions pending,https://www.khwiki.com/Game:Castle_of_Dreams
bbsfm:aqua:castle-of-dreams:treasure:1,Aqua,main,Castle of Dreams,treasure,1,Magic Recipe,The Chateau,world-collectibles,area-only; precise directions pending,https://www.khwiki.com/Game:Castle_of_Dreams
bbsfm:aqua:castle-of-dreams:treasure:2,Aqua,main,Castle of Dreams,treasure,2,Hi-Potion,Palace Courtyard,world-collectibles,area-only; precise directions pending,https://www.khwiki.com/Game:Castle_of_Dreams
bbsfm:aqua:castle-of-dreams:treasure:3,Aqua,main,Castle of Dreams,treasure,3,Slow,Palace Courtyard,world-collectibles,area-only; precise directions pending,https://www.khwiki.com/Game:Castle_of_Dreams
bbsfm:aqua:castle-of-dreams:treasure:4,Aqua,main,Castle of Dreams,treasure,4,Potion,Palace Courtyard,world-collectibles,area-only; precise directions pending,https://www.khwiki.com/Game:Castle_of_Dreams
bbsfm:aqua:castle-of-dreams:treasure:5,Aqua,main,Castle of Dreams,treasure,5,Fleeting Crystal,Foyer,world-collectibles,area-only; precise directions pending,https://www.khwiki.com/Game:Castle_of_Dreams
bbsfm:aqua:castle-of-dreams:treasure:6,Aqua,main,Castle of Dreams,treasure,6,Barrier Surge,Foyer,world-collectibles,area-only; precise directions pending,https://www.khwiki.com/Game:Castle_of_Dreams
bbsfm:aqua:castle-of-dreams:treasure:7,Aqua,main,Castle of Dreams,treasure,7,Potion,Foyer,world-collectibles,area-only; precise directions pending,https://www.khwiki.com/Game:Castle_of_Dreams
bbsfm:aqua:castle-of-dreams:treasure:8,Aqua,main,Castle of Dreams,treasure,8,Thunderstorm,Foyer,world-collectibles,area-only; precise directions pending,https://www.khwiki.com/Game:Castle_of_Dreams
bbsfm:terra:enchanted-dominion:treasure:1,Terra,main,Enchanted Dominion,treasure,1,Potion,Waterside,world-collectibles,area-only; precise directions pending,https://www.khwiki.com/Game:Enchanted_Dominion
bbsfm:terra:enchanted-dominion:treasure:2,Terra,main,Enchanted Dominion,treasure,2,Pulsing Crystal,Waterside,world-collectibles,area-only; precise directions pending,https://www.khwiki.com/Game:Enchanted_Dominion
bbsfm:terra:enchanted-dominion:treasure:3,Terra,main,Enchanted Dominion,treasure,3,Blizzard,Forest Clearing,world-collectibles,area-only; precise directions pending,https://www.khwiki.com/Game:Enchanted_Dominion
bbsfm:terra:enchanted-dominion:treasure:4,Terra,main,Enchanted Dominion,treasure,4,Zero Gravity,Audience Chamber,world-collectibles,area-only; precise directions pending,https://www.khwiki.com/Game:Enchanted_Dominion
bbsfm:terra:enchanted-dominion:treasure:5,Terra,main,Enchanted Dominion,treasure,5,Ether,Audience Chamber,world-collectibles,area-only; precise directions pending,https://www.khwiki.com/Game:Enchanted_Dominion
bbsfm:terra:enchanted-dominion:treasure:6,Terra,main,Enchanted Dominion,treasure,6,Potion,Audience Chamber,world-collectibles,area-only; precise directions pending,https://www.khwiki.com/Game:Enchanted_Dominion
bbsfm:terra:enchanted-dominion:treasure:7,Terra,main,Enchanted Dominion,treasure,7,Ether,Hallway,world-collectibles,area-only; precise directions pending,https://www.khwiki.com/Game:Enchanted_Dominion
bbsfm:terra:enchanted-dominion:treasure:8,Terra,main,Enchanted Dominion,treasure,8,Map,Aurora's Chamber,world-collectibles,area-only; precise directions pending,https://www.khwiki.com/Game:Enchanted_Dominion
bbsfm:terra:enchanted-dominion:treasure:9,Terra,main,Enchanted Dominion,treasure,9,Sleep,Tower Room,world-collectibles,area-only; precise directions pending,https://www.khwiki.com/Game:Enchanted_Dominion
bbsfm:terra:enchanted-dominion:treasure:10,Terra,main,Enchanted Dominion,treasure,10,Attack Recipe,Tower Room,world-collectibles,area-only; precise directions pending,https://www.khwiki.com/Game:Enchanted_Dominion
bbsfm:ventus:enchanted-dominion:treasure:1,Ventus,main,Enchanted Dominion,treasure,1,Balloon Letter,Gates,world-collectibles,area-only; precise directions pending,https://www.khwiki.com/Game:Enchanted_Dominion
bbsfm:ventus:enchanted-dominion:treasure:2,Ventus,main,Enchanted Dominion,treasure,2,Soothing Crystal,Gates,world-collectibles,area-only; precise directions pending,https://www.khwiki.com/Game:Enchanted_Dominion
bbsfm:ventus:enchanted-dominion:treasure:3,Ventus,main,Enchanted Dominion,treasure,3,Cure,Gates,world-collectibles,area-only; precise directions pending,https://www.khwiki.com/Game:Enchanted_Dominion
bbsfm:ventus:enchanted-dominion:treasure:4,Ventus,main,Enchanted Dominion,treasure,4,Wellspring Crystal,Gates,world-collectibles,area-only; precise directions pending,https://www.khwiki.com/Game:Enchanted_Dominion
bbsfm:ventus:enchanted-dominion:treasure:5,Ventus,main,Enchanted Dominion,treasure,5,Absolute Zero,Gates,world-collectibles,area-only; precise directions pending,https://www.khwiki.com/Game:Enchanted_Dominion
bbsfm:ventus:enchanted-dominion:treasure:6,Ventus,main,Enchanted Dominion,treasure,6,Hi-Potion,Maleficent's Throne,world-collectibles,area-only; precise directions pending,https://www.khwiki.com/Game:Enchanted_Dominion
bbsfm:ventus:enchanted-dominion:treasure:7,Ventus,main,Enchanted Dominion,treasure,7,Fleeting Crystal,Dungeon,world-collectibles,area-only; precise directions pending,https://www.khwiki.com/Game:Enchanted_Dominion
bbsfm:ventus:enchanted-dominion:treasure:8,Ventus,main,Enchanted Dominion,treasure,8,Tornado Strike,Dungeon,world-collectibles,area-only; precise directions pending,https://www.khwiki.com/Game:Enchanted_Dominion
bbsfm:ventus:enchanted-dominion:treasure:9,Ventus,main,Enchanted Dominion,treasure,9,Wellspring Crystal,Hall,world-collectibles,area-only; precise directions pending,https://www.khwiki.com/Game:Enchanted_Dominion
bbsfm:ventus:enchanted-dominion:treasure:10,Ventus,main,Enchanted Dominion,treasure,10,Hungry Crystal,Hall,world-collectibles,area-only; precise directions pending,https://www.khwiki.com/Game:Enchanted_Dominion
bbsfm:ventus:enchanted-dominion:treasure:11,Ventus,main,Enchanted Dominion,treasure,11,Magnet,Hall,world-collectibles,area-only; precise directions pending,https://www.khwiki.com/Game:Enchanted_Dominion
bbsfm:ventus:enchanted-dominion:treasure:12,Ventus,main,Enchanted Dominion,treasure,12,Hi-Potion,Hall,world-collectibles,area-only; precise directions pending,https://www.khwiki.com/Game:Enchanted_Dominion
bbsfm:ventus:enchanted-dominion:treasure:13,Ventus,main,Enchanted Dominion,treasure,13,Ether,Forbidden Mountain,world-collectibles,area-only; precise directions pending,https://www.khwiki.com/Game:Enchanted_Dominion
bbsfm:ventus:enchanted-dominion:treasure:14,Ventus,main,Enchanted Dominion,treasure,14,Potion,Waterside,world-collectibles,area-only; precise directions pending,https://www.khwiki.com/Game:Enchanted_Dominion
bbsfm:ventus:enchanted-dominion:treasure:15,Ventus,main,Enchanted Dominion,treasure,15,Map,Forest Clearing,world-collectibles,area-only; precise directions pending,https://www.khwiki.com/Game:Enchanted_Dominion
bbsfm:ventus:enchanted-dominion:treasure:16,Ventus,main,Enchanted Dominion,treasure,16,Hi-Potion,Audience Chamber,world-collectibles,area-only; precise directions pending,https://www.khwiki.com/Game:Enchanted_Dominion
bbsfm:ventus:enchanted-dominion:treasure:17,Ventus,main,Enchanted Dominion,treasure,17,Thunder,Audience Chamber,world-collectibles,area-only; precise directions pending,https://www.khwiki.com/Game:Enchanted_Dominion
bbsfm:ventus:enchanted-dominion:treasure:18,Ventus,main,Enchanted Dominion,treasure,18,Hi-Potion,Hallway,world-collectibles,area-only; precise directions pending,https://www.khwiki.com/Game:Enchanted_Dominion
bbsfm:ventus:enchanted-dominion:treasure:19,Ventus,main,Enchanted Dominion,treasure,19,Sleep,Tower Room,world-collectibles,area-only; precise directions pending,https://www.khwiki.com/Game:Enchanted_Dominion
bbsfm:aqua:enchanted-dominion:treasure:1,Aqua,main,Enchanted Dominion,treasure,1,Map,Dungeon Cell,world-collectibles,area-only; precise directions pending,https://www.khwiki.com/Game:Enchanted_Dominion
bbsfm:aqua:enchanted-dominion:treasure:2,Aqua,main,Enchanted Dominion,treasure,2,Absolute Zero,Gates,world-collectibles,area-only; precise directions pending,https://www.khwiki.com/Game:Enchanted_Dominion
bbsfm:aqua:enchanted-dominion:treasure:3,Aqua,main,Enchanted Dominion,treasure,3,Wellspring Crystal,Gates,world-collectibles,area-only; precise directions pending,https://www.khwiki.com/Game:Enchanted_Dominion
bbsfm:aqua:enchanted-dominion:treasure:4,Aqua,main,Enchanted Dominion,treasure,4,Cure,Gates,world-collectibles,area-only; precise directions pending,https://www.khwiki.com/Game:Enchanted_Dominion
bbsfm:aqua:enchanted-dominion:treasure:5,Aqua,main,Enchanted Dominion,treasure,5,Pulsing Crystal,Gates,world-collectibles,area-only; precise directions pending,https://www.khwiki.com/Game:Enchanted_Dominion
bbsfm:aqua:enchanted-dominion:treasure:6,Aqua,main,Enchanted Dominion,treasure,6,Sleep,Gates,world-collectibles,area-only; precise directions pending,https://www.khwiki.com/Game:Enchanted_Dominion
bbsfm:aqua:enchanted-dominion:treasure:7,Aqua,main,Enchanted Dominion,treasure,7,Confusion Strike,Maleficent's Throne,world-collectibles,area-only; precise directions pending,https://www.khwiki.com/Game:Enchanted_Dominion
bbsfm:aqua:enchanted-dominion:treasure:8,Aqua,main,Enchanted Dominion,treasure,8,Hi-Potion,Dungeon,world-collectibles,area-only; precise directions pending,https://www.khwiki.com/Game:Enchanted_Dominion
bbsfm:aqua:enchanted-dominion:treasure:9,Aqua,main,Enchanted Dominion,treasure,9,Ice Barrage,Dungeon,world-collectibles,area-only; precise directions pending,https://www.khwiki.com/Game:Enchanted_Dominion
bbsfm:aqua:enchanted-dominion:treasure:10,Aqua,main,Enchanted Dominion,treasure,10,Hi-Potion,Forbidden Mountain,world-collectibles,area-only; precise directions pending,https://www.khwiki.com/Game:Enchanted_Dominion
bbsfm:aqua:enchanted-dominion:treasure:11,Aqua,main,Enchanted Dominion,treasure,11,Ether,Waterside,world-collectibles,area-only; precise directions pending,https://www.khwiki.com/Game:Enchanted_Dominion
bbsfm:aqua:enchanted-dominion:treasure:12,Aqua,main,Enchanted Dominion,treasure,12,Balloon Letter,Waterside,world-collectibles,area-only; precise directions pending,https://www.khwiki.com/Game:Enchanted_Dominion
bbsfm:aqua:enchanted-dominion:treasure:13,Aqua,main,Enchanted Dominion,treasure,13,Potion,Waterside,world-collectibles,area-only; precise directions pending,https://www.khwiki.com/Game:Enchanted_Dominion
bbsfm:aqua:enchanted-dominion:treasure:14,Aqua,main,Enchanted Dominion,treasure,14,Hi-Potion,Forest Clearing,world-collectibles,area-only; precise directions pending,https://www.khwiki.com/Game:Enchanted_Dominion
bbsfm:terra:radiant-garden:treasure:1,Terra,main,Radiant Garden,treasure,1,Fira,Outer Gardens,world-collectibles,area-only; precise directions pending,https://www.khwiki.com/Game:Radiant_Garden
bbsfm:terra:radiant-garden:treasure:2,Terra,main,Radiant Garden,treasure,2,Pulsing Crystal,Outer Gardens,world-collectibles,area-only; precise directions pending,https://www.khwiki.com/Game:Radiant_Garden
bbsfm:terra:radiant-garden:treasure:3,Terra,main,Radiant Garden,treasure,3,Potion,Central Square,world-collectibles,area-only; precise directions pending,https://www.khwiki.com/Game:Radiant_Garden
bbsfm:terra:radiant-garden:treasure:4,Terra,main,Radiant Garden,treasure,4,Hi-Potion,Central Square,world-collectibles,area-only; precise directions pending,https://www.khwiki.com/Game:Radiant_Garden
bbsfm:terra:radiant-garden:treasure:5,Terra,main,Radiant Garden,treasure,5,Esuna,Aqueduct,world-collectibles,area-only; precise directions pending,https://www.khwiki.com/Game:Radiant_Garden
bbsfm:terra:radiant-garden:treasure:6,Terra,main,Radiant Garden,treasure,6,Blackout,Aqueduct,world-collectibles,area-only; precise directions pending,https://www.khwiki.com/Game:Radiant_Garden
bbsfm:terra:radiant-garden:treasure:7,Terra,main,Radiant Garden,treasure,7,Hi-Potion,Aqueduct,world-collectibles,area-only; precise directions pending,https://www.khwiki.com/Game:Radiant_Garden
bbsfm:terra:radiant-garden:treasure:8,Terra,main,Radiant Garden,treasure,8,Map,Castle Town,world-collectibles,area-only; precise directions pending,https://www.khwiki.com/Game:Radiant_Garden
bbsfm:terra:radiant-garden:treasure:9,Terra,main,Radiant Garden,treasure,9,Panacea,Fountain Court,world-collectibles,area-only; precise directions pending,https://www.khwiki.com/Game:Radiant_Garden
bbsfm:terra:radiant-garden:treasure:10,Terra,main,Radiant Garden,treasure,10,Thunder Surge,Fountain Court,world-collectibles,area-only; precise directions pending,https://www.khwiki.com/Game:Radiant_Garden
bbsfm:terra:radiant-garden:treasure:11,Terra,main,Radiant Garden,treasure,11,Fleeting Crystal,Fountain Court,world-collectibles,area-only; precise directions pending,https://www.khwiki.com/Game:Radiant_Garden
bbsfm:terra:radiant-garden:treasure:12,Terra,main,Radiant Garden,treasure,12,Shimmering Crystal,Merlin's House,world-collectibles,area-only; precise directions pending,https://www.khwiki.com/Game:Radiant_Garden
bbsfm:terra:radiant-garden:treasure:13,Terra,main,Radiant Garden,treasure,13,Mega-Potion,Purification Facility,world-collectibles,area-only; precise directions pending,https://www.khwiki.com/Game:Radiant_Garden
bbsfm:terra:radiant-garden:treasure:14,Terra,main,Radiant Garden,treasure,14,Chaos Crystal,Purification Facility,world-collectibles,area-only; precise directions pending,https://www.khwiki.com/Game:Radiant_Garden
bbsfm:ventus:radiant-garden:treasure:1,Ventus,main,Radiant Garden,treasure,1,Soothing Crystal,Outer Gardens,world-collectibles,area-only; precise directions pending,https://www.khwiki.com/Game:Radiant_Garden
bbsfm:ventus:radiant-garden:treasure:2,Ventus,main,Radiant Garden,treasure,2,Pulsing Crystal,Outer Gardens,world-collectibles,area-only; precise directions pending,https://www.khwiki.com/Game:Radiant_Garden
bbsfm:ventus:radiant-garden:treasure:3,Ventus,main,Radiant Garden,treasure,3,Ether,Central Square,world-collectibles,area-only; precise directions pending,https://www.khwiki.com/Game:Radiant_Garden
bbsfm:ventus:radiant-garden:treasure:4,Ventus,main,Radiant Garden,treasure,4,Potion,Central Square,world-collectibles,area-only; precise directions pending,https://www.khwiki.com/Game:Radiant_Garden
bbsfm:ventus:radiant-garden:treasure:5,Ventus,main,Radiant Garden,treasure,5,Panacea,Aqueduct,world-collectibles,area-only; precise directions pending,https://www.khwiki.com/Game:Radiant_Garden
bbsfm:ventus:radiant-garden:treasure:6,Ventus,main,Radiant Garden,treasure,6,Fira,Aqueduct,world-collectibles,area-only; precise directions pending,https://www.khwiki.com/Game:Radiant_Garden
bbsfm:ventus:radiant-garden:treasure:7,Ventus,main,Radiant Garden,treasure,7,Hi-Potion,Aqueduct,world-collectibles,area-only; precise directions pending,https://www.khwiki.com/Game:Radiant_Garden
bbsfm:ventus:radiant-garden:treasure:8,Ventus,main,Radiant Garden,treasure,8,Map,Castle Town,world-collectibles,area-only; precise directions pending,https://www.khwiki.com/Game:Radiant_Garden
bbsfm:ventus:radiant-garden:treasure:9,Ventus,main,Radiant Garden,treasure,9,Counter Rush,Fountain Court,world-collectibles,area-only; precise directions pending,https://www.khwiki.com/Game:Radiant_Garden
bbsfm:ventus:radiant-garden:treasure:10,Ventus,main,Radiant Garden,treasure,10,Block Recipe,Merlin's House,world-collectibles,area-only; precise directions pending,https://www.khwiki.com/Game:Radiant_Garden
bbsfm:ventus:radiant-garden:treasure:11,Ventus,main,Radiant Garden,treasure,11,Hi-Potion,Gardens,world-collectibles,area-only; precise directions pending,https://www.khwiki.com/Game:Radiant_Garden
bbsfm:ventus:radiant-garden:treasure:12,Ventus,main,Radiant Garden,treasure,12,Binding Strike,Gardens,world-collectibles,area-only; precise directions pending,https://www.khwiki.com/Game:Radiant_Garden
bbsfm:ventus:radiant-garden:treasure:13,Ventus,main,Radiant Garden,treasure,13,Wellspring Crystal,Gardens,world-collectibles,area-only; precise directions pending,https://www.khwiki.com/Game:Radiant_Garden
bbsfm:ventus:radiant-garden:treasure:14,Ventus,main,Radiant Garden,treasure,14,Slow,Gardens,world-collectibles,area-only; precise directions pending,https://www.khwiki.com/Game:Radiant_Garden
bbsfm:ventus:radiant-garden:treasure:15,Ventus,main,Radiant Garden,treasure,15,Hi-Potion,Front Doors,world-collectibles,area-only; precise directions pending,https://www.khwiki.com/Game:Radiant_Garden
bbsfm:ventus:radiant-garden:treasure:16,Ventus,main,Radiant Garden,treasure,16,Freeze Raid,Front Doors,world-collectibles,area-only; precise directions pending,https://www.khwiki.com/Game:Radiant_Garden
bbsfm:aqua:radiant-garden:treasure:1,Aqua,main,Radiant Garden,treasure,1,Potion,Central Square,world-collectibles,area-only; precise directions pending,https://www.khwiki.com/Game:Radiant_Garden
bbsfm:aqua:radiant-garden:treasure:2,Aqua,main,Radiant Garden,treasure,2,Ether,Central Square,world-collectibles,area-only; precise directions pending,https://www.khwiki.com/Game:Radiant_Garden
bbsfm:aqua:radiant-garden:treasure:3,Aqua,main,Radiant Garden,treasure,3,Hi-Potion,Aqueduct,world-collectibles,area-only; precise directions pending,https://www.khwiki.com/Game:Radiant_Garden
bbsfm:aqua:radiant-garden:treasure:4,Aqua,main,Radiant Garden,treasure,4,Thundara,Aqueduct,world-collectibles,area-only; precise directions pending,https://www.khwiki.com/Game:Radiant_Garden
bbsfm:aqua:radiant-garden:treasure:5,Aqua,main,Radiant Garden,treasure,5,Hi-Potion,Aqueduct,world-collectibles,area-only; precise directions pending,https://www.khwiki.com/Game:Radiant_Garden
bbsfm:aqua:radiant-garden:treasure:6,Aqua,main,Radiant Garden,treasure,6,Block Recipe,Aqueduct,world-collectibles,area-only; precise directions pending,https://www.khwiki.com/Game:Radiant_Garden
bbsfm:aqua:radiant-garden:treasure:7,Aqua,main,Radiant Garden,treasure,7,Counter Blast,Fountain Court,world-collectibles,area-only; precise directions pending,https://www.khwiki.com/Game:Radiant_Garden
bbsfm:aqua:radiant-garden:treasure:8,Aqua,main,Radiant Garden,treasure,8,Soothing Crystal,Fountain Court,world-collectibles,area-only; precise directions pending,https://www.khwiki.com/Game:Radiant_Garden
bbsfm:aqua:radiant-garden:treasure:9,Aqua,main,Radiant Garden,treasure,9,Xehanort's Report III,Merlin's House,world-collectibles,area-only; precise directions pending,https://www.khwiki.com/Game:Radiant_Garden
bbsfm:aqua:radiant-garden:treasure:10,Aqua,main,Radiant Garden,treasure,10,Zero Gravity,Gardens,world-collectibles,area-only; precise directions pending,https://www.khwiki.com/Game:Radiant_Garden
bbsfm:aqua:radiant-garden:treasure:11,Aqua,main,Radiant Garden,treasure,11,Wellspring Crystal,Gardens,world-collectibles,area-only; precise directions pending,https://www.khwiki.com/Game:Radiant_Garden
bbsfm:aqua:radiant-garden:treasure:12,Aqua,main,Radiant Garden,treasure,12,Strike Raid,Gardens,world-collectibles,area-only; precise directions pending,https://www.khwiki.com/Game:Radiant_Garden
bbsfm:aqua:radiant-garden:treasure:13,Aqua,main,Radiant Garden,treasure,13,Fleeting Crystal,Gardens,world-collectibles,area-only; precise directions pending,https://www.khwiki.com/Game:Radiant_Garden
bbsfm:aqua:radiant-garden:treasure:14,Aqua,main,Radiant Garden,treasure,14,Map,Front Doors,world-collectibles,area-only; precise directions pending,https://www.khwiki.com/Game:Radiant_Garden
bbsfm:aqua:radiant-garden:treasure:15,Aqua,main,Radiant Garden,treasure,15,Panacea,Front Doors,world-collectibles,area-only; precise directions pending,https://www.khwiki.com/Game:Radiant_Garden
bbsfm:aqua:radiant-garden:treasure:16,Aqua,main,Radiant Garden,treasure,16,Mine Square,Front Doors,world-collectibles,area-only; precise directions pending,https://www.khwiki.com/Game:Radiant_Garden
bbsfm:terra:disney-town:treasure:1,Terra,main,Disney Town,treasure,1,Map,Main Plaza,world-collectibles,area-only; precise directions pending,https://www.khwiki.com/Game:Disney_Town
bbsfm:terra:disney-town:treasure:2,Terra,main,Disney Town,treasure,2,Potion,Main Plaza,world-collectibles,area-only; precise directions pending,https://www.khwiki.com/Game:Disney_Town
bbsfm:terra:disney-town:treasure:3,Terra,main,Disney Town,treasure,3,Abounding Crystal,Raceway,world-collectibles,area-only; precise directions pending,https://www.khwiki.com/Game:Disney_Town
bbsfm:terra:disney-town:treasure:4,Terra,main,Disney Town,treasure,4,Payback Fang,Raceway,world-collectibles,area-only; precise directions pending,https://www.khwiki.com/Game:Disney_Town
bbsfm:terra:disney-town:treasure:5,Terra,main,Disney Town,treasure,5,Slot Edge,Raceway,world-collectibles,area-only; precise directions pending,https://www.khwiki.com/Game:Disney_Town
bbsfm:terra:disney-town:treasure:6,Terra,main,Disney Town,treasure,6,Panacea,Gizmo Gallery,world-collectibles,area-only; precise directions pending,https://www.khwiki.com/Game:Disney_Town
bbsfm:terra:disney-town:treasure:7,Terra,main,Disney Town,treasure,7,Action Recipe,Gizmo Gallery,world-collectibles,area-only; precise directions pending,https://www.khwiki.com/Game:Disney_Town
bbsfm:terra:disney-town:treasure:8,Terra,main,Disney Town,treasure,8,Chaos Crystal,Gizmo Gallery,world-collectibles,area-only; precise directions pending,https://www.khwiki.com/Game:Disney_Town
bbsfm:terra:disney-town:treasure:9,Terra,main,Disney Town,treasure,9,Thunder,Gizmo Gallery,world-collectibles,area-only; precise directions pending,https://www.khwiki.com/Game:Disney_Town
bbsfm:terra:disney-town:treasure:10,Terra,main,Disney Town,treasure,10,Thunder,Gizmo Gallery,world-collectibles,area-only; precise directions pending,https://www.khwiki.com/Game:Disney_Town
bbsfm:terra:disney-town:treasure:11,Terra,main,Disney Town,treasure,11,Absolute Zero,Gizmo Gallery,world-collectibles,area-only; precise directions pending,https://www.khwiki.com/Game:Disney_Town
bbsfm:terra:disney-town:treasure:12,Terra,main,Disney Town,treasure,12,Mega-Potion,Gizmo Gallery,world-collectibles,area-only; precise directions pending,https://www.khwiki.com/Game:Disney_Town
bbsfm:terra:disney-town:treasure:13,Terra,main,Disney Town,treasure,13,Zero Gravira,Pete's Rec Room,world-collectibles,area-only; precise directions pending,https://www.khwiki.com/Game:Disney_Town
bbsfm:terra:disney-town:treasure:14,Terra,main,Disney Town,treasure,14,Aerial Slam,Pete's Rec Room,world-collectibles,area-only; precise directions pending,https://www.khwiki.com/Game:Disney_Town
bbsfm:terra:disney-town:treasure:15,Terra,main,Disney Town,treasure,15,Break Time,Pete's Rec Room,world-collectibles,area-only; precise directions pending,https://www.khwiki.com/Game:Disney_Town
bbsfm:terra:disney-town:treasure:16,Terra,main,Disney Town,treasure,16,Chaos Crystal,Pete's Rec Room,world-collectibles,area-only; precise directions pending,https://www.khwiki.com/Game:Disney_Town
bbsfm:ventus:disney-town:treasure:1,Ventus,main,Disney Town,treasure,1,Map,Main Plaza,world-collectibles,area-only; precise directions pending,https://www.khwiki.com/Game:Disney_Town
bbsfm:ventus:disney-town:treasure:2,Ventus,main,Disney Town,treasure,2,Potion,Main Plaza,world-collectibles,area-only; precise directions pending,https://www.khwiki.com/Game:Disney_Town
bbsfm:ventus:disney-town:treasure:3,Ventus,main,Disney Town,treasure,3,Superglide,Raceway,world-collectibles,area-only; precise directions pending,https://www.khwiki.com/Game:Disney_Town
bbsfm:ventus:disney-town:treasure:4,Ventus,main,Disney Town,treasure,4,Reversal Slash,Raceway,world-collectibles,area-only; precise directions pending,https://www.khwiki.com/Game:Disney_Town
bbsfm:ventus:disney-town:treasure:5,Ventus,main,Disney Town,treasure,5,Slot Edge,Raceway,world-collectibles,area-only; precise directions pending,https://www.khwiki.com/Game:Disney_Town
bbsfm:ventus:disney-town:treasure:6,Ventus,main,Disney Town,treasure,6,Shimmering Crystal,Raceway,world-collectibles,area-only; precise directions pending,https://www.khwiki.com/Game:Disney_Town
bbsfm:ventus:disney-town:treasure:7,Ventus,main,Disney Town,treasure,7,Stop,Raceway,world-collectibles,area-only; precise directions pending,https://www.khwiki.com/Game:Disney_Town
bbsfm:ventus:disney-town:treasure:8,Ventus,main,Disney Town,treasure,8,Mega-Ether,Gizmo Gallery,world-collectibles,area-only; precise directions pending,https://www.khwiki.com/Game:Disney_Town
bbsfm:ventus:disney-town:treasure:9,Ventus,main,Disney Town,treasure,9,Mega-Potion,Gizmo Gallery,world-collectibles,area-only; precise directions pending,https://www.khwiki.com/Game:Disney_Town
bbsfm:ventus:disney-town:treasure:10,Ventus,main,Disney Town,treasure,10,Chaos Crystal,Gizmo Gallery,world-collectibles,area-only; precise directions pending,https://www.khwiki.com/Game:Disney_Town
bbsfm:ventus:disney-town:treasure:11,Ventus,main,Disney Town,treasure,11,Thunder,Gizmo Gallery,world-collectibles,area-only; precise directions pending,https://www.khwiki.com/Game:Disney_Town
bbsfm:ventus:disney-town:treasure:12,Ventus,main,Disney Town,treasure,12,Thunder,Gizmo Gallery,world-collectibles,area-only; precise directions pending,https://www.khwiki.com/Game:Disney_Town
bbsfm:ventus:disney-town:treasure:13,Ventus,main,Disney Town,treasure,13,Mega-Potion,Gizmo Gallery,world-collectibles,area-only; precise directions pending,https://www.khwiki.com/Game:Disney_Town
bbsfm:ventus:disney-town:treasure:14,Ventus,main,Disney Town,treasure,14,Panacea,Pete's Rec Room,world-collectibles,area-only; precise directions pending,https://www.khwiki.com/Game:Disney_Town
bbsfm:ventus:disney-town:treasure:15,Ventus,main,Disney Town,treasure,15,Action Recipe,Pete's Rec Room,world-collectibles,area-only; precise directions pending,https://www.khwiki.com/Game:Disney_Town
bbsfm:ventus:disney-town:treasure:16,Ventus,main,Disney Town,treasure,16,Aerial Slam,Pete's Rec Room,world-collectibles,area-only; precise directions pending,https://www.khwiki.com/Game:Disney_Town
bbsfm:ventus:disney-town:treasure:17,Ventus,main,Disney Town,treasure,17,Break Time,Pete's Rec Room,world-collectibles,area-only; precise directions pending,https://www.khwiki.com/Game:Disney_Town
bbsfm:ventus:disney-town:treasure:18,Ventus,main,Disney Town,treasure,18,Wellspring Crystal,Pete's Rec Room,world-collectibles,area-only; precise directions pending,https://www.khwiki.com/Game:Disney_Town
bbsfm:aqua:disney-town:treasure:1,Aqua,main,Disney Town,treasure,1,Map,Main Plaza,world-collectibles,area-only; precise directions pending,https://www.khwiki.com/Game:Disney_Town
bbsfm:aqua:disney-town:treasure:2,Aqua,main,Disney Town,treasure,2,Potion,Main Plaza,world-collectibles,area-only; precise directions pending,https://www.khwiki.com/Game:Disney_Town
bbsfm:aqua:disney-town:treasure:3,Aqua,main,Disney Town,treasure,3,Abounding Crystal,Raceway,world-collectibles,area-only; precise directions pending,https://www.khwiki.com/Game:Disney_Town
bbsfm:aqua:disney-town:treasure:4,Aqua,main,Disney Town,treasure,4,Fira,Raceway,world-collectibles,area-only; precise directions pending,https://www.khwiki.com/Game:Disney_Town
bbsfm:aqua:disney-town:treasure:5,Aqua,main,Disney Town,treasure,5,Slot Edge,Raceway,world-collectibles,area-only; precise directions pending,https://www.khwiki.com/Game:Disney_Town
bbsfm:aqua:disney-town:treasure:6,Aqua,main,Disney Town,treasure,6,Hungry Crystal,Gizmo Gallery,world-collectibles,area-only; precise directions pending,https://www.khwiki.com/Game:Disney_Town
bbsfm:aqua:disney-town:treasure:7,Aqua,main,Disney Town,treasure,7,Mega-Potion,Gizmo Gallery,world-collectibles,area-only; precise directions pending,https://www.khwiki.com/Game:Disney_Town
bbsfm:aqua:disney-town:treasure:8,Aqua,main,Disney Town,treasure,8,Chaos Crystal,Gizmo Gallery,world-collectibles,area-only; precise directions pending,https://www.khwiki.com/Game:Disney_Town
bbsfm:aqua:disney-town:treasure:9,Aqua,main,Disney Town,treasure,9,Thunder,Gizmo Gallery,world-collectibles,area-only; precise directions pending,https://www.khwiki.com/Game:Disney_Town
bbsfm:aqua:disney-town:treasure:10,Aqua,main,Disney Town,treasure,10,Thunder,Gizmo Gallery,world-collectibles,area-only; precise directions pending,https://www.khwiki.com/Game:Disney_Town
bbsfm:aqua:disney-town:treasure:11,Aqua,main,Disney Town,treasure,11,Pulsing Crystal,Gizmo Gallery,world-collectibles,area-only; precise directions pending,https://www.khwiki.com/Game:Disney_Town
bbsfm:aqua:disney-town:treasure:12,Aqua,main,Disney Town,treasure,12,Mega-Potion,Gizmo Gallery,world-collectibles,area-only; precise directions pending,https://www.khwiki.com/Game:Disney_Town
bbsfm:aqua:disney-town:treasure:13,Aqua,main,Disney Town,treasure,13,Panacea,Pete's Rec Room,world-collectibles,area-only; precise directions pending,https://www.khwiki.com/Game:Disney_Town
bbsfm:aqua:disney-town:treasure:14,Aqua,main,Disney Town,treasure,14,Action Recipe,Pete's Rec Room,world-collectibles,area-only; precise directions pending,https://www.khwiki.com/Game:Disney_Town
bbsfm:aqua:disney-town:treasure:15,Aqua,main,Disney Town,treasure,15,Aerial Slam,Pete's Rec Room,world-collectibles,area-only; precise directions pending,https://www.khwiki.com/Game:Disney_Town
bbsfm:aqua:disney-town:treasure:16,Aqua,main,Disney Town,treasure,16,Break Time,Pete's Rec Room,world-collectibles,area-only; precise directions pending,https://www.khwiki.com/Game:Disney_Town
bbsfm:aqua:disney-town:treasure:17,Aqua,main,Disney Town,treasure,17,Soothing Crystal,Pete's Rec Room,world-collectibles,area-only; precise directions pending,https://www.khwiki.com/Game:Disney_Town
bbsfm:terra:olympus-coliseum:treasure:1,Terra,main,Olympus Coliseum,treasure,1,Fire Strike,Coliseum Gates,world-collectibles,area-only; precise directions pending,https://www.khwiki.com/Game:Olympus_Coliseum
bbsfm:terra:olympus-coliseum:treasure:2,Terra,main,Olympus Coliseum,treasure,2,Mega Attack Recipe,Coliseum Gates,world-collectibles,area-only; precise directions pending,https://www.khwiki.com/Game:Olympus_Coliseum
bbsfm:terra:olympus-coliseum:treasure:3,Terra,main,Olympus Coliseum,treasure,3,Mega-Potion,Coliseum Gates,world-collectibles,area-only; precise directions pending,https://www.khwiki.com/Game:Olympus_Coliseum
bbsfm:terra:olympus-coliseum:treasure:4,Terra,main,Olympus Coliseum,treasure,4,Map,Vestibule,world-collectibles,area-only; precise directions pending,https://www.khwiki.com/Game:Olympus_Coliseum
bbsfm:ventus:olympus-coliseum:treasure:1,Ventus,main,Olympus Coliseum,treasure,1,Fire Strike,Coliseum Gates,world-collectibles,area-only; precise directions pending,https://www.khwiki.com/Game:Olympus_Coliseum
bbsfm:ventus:olympus-coliseum:treasure:2,Ventus,main,Olympus Coliseum,treasure,2,Cura,Coliseum Gates,world-collectibles,area-only; precise directions pending,https://www.khwiki.com/Game:Olympus_Coliseum
bbsfm:ventus:olympus-coliseum:treasure:3,Ventus,main,Olympus Coliseum,treasure,3,Mega-Potion,Coliseum Gates,world-collectibles,area-only; precise directions pending,https://www.khwiki.com/Game:Olympus_Coliseum
bbsfm:ventus:olympus-coliseum:treasure:4,Ventus,main,Olympus Coliseum,treasure,4,Map,Vestibule,world-collectibles,area-only; precise directions pending,https://www.khwiki.com/Game:Olympus_Coliseum
bbsfm:aqua:olympus-coliseum:treasure:1,Aqua,main,Olympus Coliseum,treasure,1,Fire Strike,Coliseum Gates,world-collectibles,area-only; precise directions pending,https://www.khwiki.com/Game:Olympus_Coliseum
bbsfm:aqua:olympus-coliseum:treasure:2,Aqua,main,Olympus Coliseum,treasure,2,Cura,Coliseum Gates,world-collectibles,area-only; precise directions pending,https://www.khwiki.com/Game:Olympus_Coliseum
bbsfm:aqua:olympus-coliseum:treasure:3,Aqua,main,Olympus Coliseum,treasure,3,Mega-Potion,Coliseum Gates,world-collectibles,area-only; precise directions pending,https://www.khwiki.com/Game:Olympus_Coliseum
bbsfm:aqua:olympus-coliseum:treasure:4,Aqua,main,Olympus Coliseum,treasure,4,Map,Vestibule,world-collectibles,area-only; precise directions pending,https://www.khwiki.com/Game:Olympus_Coliseum
bbsfm:terra:deep-space:treasure:1,Terra,main,Deep Space,treasure,1,High Jump,Turo Prison Block,world-collectibles,area-only; precise directions pending,https://www.khwiki.com/Game:Deep_Space
bbsfm:terra:deep-space:treasure:2,Terra,main,Deep Space,treasure,2,Brutal Blast,Turo Prison Block,world-collectibles,area-only; precise directions pending,https://www.khwiki.com/Game:Deep_Space
bbsfm:terra:deep-space:treasure:3,Terra,main,Deep Space,treasure,3,Pulsing Crystal,Turo Prison Block,world-collectibles,area-only; precise directions pending,https://www.khwiki.com/Game:Deep_Space
bbsfm:terra:deep-space:treasure:4,Terra,main,Deep Space,treasure,4,Mega-Ether,Turo Prison Block,world-collectibles,area-only; precise directions pending,https://www.khwiki.com/Game:Deep_Space
bbsfm:terra:deep-space:treasure:5,Terra,main,Deep Space,treasure,5,Mega-Potion,Turo Prison Block,world-collectibles,area-only; precise directions pending,https://www.khwiki.com/Game:Deep_Space
bbsfm:terra:deep-space:treasure:6,Terra,main,Deep Space,treasure,6,Map,Turo Transporter,world-collectibles,area-only; precise directions pending,https://www.khwiki.com/Game:Deep_Space
bbsfm:terra:deep-space:treasure:7,Terra,main,Deep Space,treasure,7,Hi-Potion,Durgon Transporter,world-collectibles,area-only; precise directions pending,https://www.khwiki.com/Game:Deep_Space
bbsfm:terra:deep-space:treasure:8,Terra,main,Deep Space,treasure,8,Ether,Ship Corridor,world-collectibles,area-only; precise directions pending,https://www.khwiki.com/Game:Deep_Space
bbsfm:terra:deep-space:treasure:9,Terra,main,Deep Space,treasure,9,Hi-Potion,Ship Corridor,world-collectibles,area-only; precise directions pending,https://www.khwiki.com/Game:Deep_Space
bbsfm:terra:deep-space:treasure:10,Terra,main,Deep Space,treasure,10,Pulsing Crystal,Ship Corridor,world-collectibles,area-only; precise directions pending,https://www.khwiki.com/Game:Deep_Space
bbsfm:terra:deep-space:treasure:11,Terra,main,Deep Space,treasure,11,Warp,Ship Corridor,world-collectibles,area-only; precise directions pending,https://www.khwiki.com/Game:Deep_Space
bbsfm:terra:deep-space:treasure:12,Terra,main,Deep Space,treasure,12,Hi-Potion,Control Room,world-collectibles,area-only; precise directions pending,https://www.khwiki.com/Game:Deep_Space
bbsfm:terra:deep-space:treasure:13,Terra,main,Deep Space,treasure,13,Hungry Crystal,Ship Hub,world-collectibles,area-only; precise directions pending,https://www.khwiki.com/Game:Deep_Space
bbsfm:terra:deep-space:treasure:14,Terra,main,Deep Space,treasure,14,Mega-Potion,Ship Hub,world-collectibles,area-only; precise directions pending,https://www.khwiki.com/Game:Deep_Space
bbsfm:terra:deep-space:treasure:15,Terra,main,Deep Space,treasure,15,Fleeting Crystal,Ship Hub,world-collectibles,area-only; precise directions pending,https://www.khwiki.com/Game:Deep_Space
bbsfm:terra:deep-space:treasure:16,Terra,main,Deep Space,treasure,16,Thundara,Launch Deck,world-collectibles,area-only; precise directions pending,https://www.khwiki.com/Game:Deep_Space
bbsfm:terra:deep-space:treasure:17,Terra,main,Deep Space,treasure,17,Abounding Crystal,Launch Deck,world-collectibles,area-only; precise directions pending,https://www.khwiki.com/Game:Deep_Space
bbsfm:terra:deep-space:treasure:18,Terra,main,Deep Space,treasure,18,Wellspring Crystal,Launch Deck,world-collectibles,area-only; precise directions pending,https://www.khwiki.com/Game:Deep_Space
bbsfm:terra:deep-space:treasure:19,Terra,main,Deep Space,treasure,19,Mine Square,Machinery Bay Access,world-collectibles,area-only; precise directions pending,https://www.khwiki.com/Game:Deep_Space
bbsfm:ventus:deep-space:treasure:1,Ventus,main,Deep Space,treasure,1,Abounding Crystal,Durgon Transporter,world-collectibles,area-only; precise directions pending,https://www.khwiki.com/Game:Deep_Space
bbsfm:ventus:deep-space:treasure:2,Ventus,main,Deep Space,treasure,2,Hi-Potion,Ship Corridor,world-collectibles,area-only; precise directions pending,https://www.khwiki.com/Game:Deep_Space
bbsfm:ventus:deep-space:treasure:3,Ventus,main,Deep Space,treasure,3,Pulsing Crystal,Ship Corridor,world-collectibles,area-only; precise directions pending,https://www.khwiki.com/Game:Deep_Space
bbsfm:ventus:deep-space:treasure:4,Ventus,main,Deep Space,treasure,4,Mega-Ether,Ship Corridor,world-collectibles,area-only; precise directions pending,https://www.khwiki.com/Game:Deep_Space
bbsfm:ventus:deep-space:treasure:5,Ventus,main,Deep Space,treasure,5,Hi-Potion,Ship Corridor,world-collectibles,area-only; precise directions pending,https://www.khwiki.com/Game:Deep_Space
bbsfm:ventus:deep-space:treasure:6,Ventus,main,Deep Space,treasure,6,Map,Control Room,world-collectibles,area-only; precise directions pending,https://www.khwiki.com/Game:Deep_Space
bbsfm:ventus:deep-space:treasure:7,Ventus,main,Deep Space,treasure,7,Thundara,Ship Hub,world-collectibles,area-only; precise directions pending,https://www.khwiki.com/Game:Deep_Space
bbsfm:ventus:deep-space:treasure:8,Ventus,main,Deep Space,treasure,8,Zero Gravira,Ship Hub,world-collectibles,area-only; precise directions pending,https://www.khwiki.com/Game:Deep_Space
bbsfm:ventus:deep-space:treasure:9,Ventus,main,Deep Space,treasure,9,Pulse Bomb,Ship Hub,world-collectibles,area-only; precise directions pending,https://www.khwiki.com/Game:Deep_Space
bbsfm:ventus:deep-space:treasure:10,Ventus,main,Deep Space,treasure,10,Chaos Crystal,Machinery Bay,world-collectibles,area-only; precise directions pending,https://www.khwiki.com/Game:Deep_Space
bbsfm:ventus:deep-space:treasure:11,Ventus,main,Deep Space,treasure,11,Mine Shield,Machinery Bay,world-collectibles,area-only; precise directions pending,https://www.khwiki.com/Game:Deep_Space
bbsfm:ventus:deep-space:treasure:12,Ventus,main,Deep Space,treasure,12,Xehanort's Report I,Launch Deck,world-collectibles,area-only; precise directions pending,https://www.khwiki.com/Game:Deep_Space
bbsfm:ventus:deep-space:treasure:13,Ventus,main,Deep Space,treasure,13,Mega Attack Recipe,Launch Deck,world-collectibles,area-only; precise directions pending,https://www.khwiki.com/Game:Deep_Space
bbsfm:ventus:deep-space:treasure:14,Ventus,main,Deep Space,treasure,14,Fire Surge,Launch Deck,world-collectibles,area-only; precise directions pending,https://www.khwiki.com/Game:Deep_Space
bbsfm:ventus:deep-space:treasure:15,Ventus,main,Deep Space,treasure,15,Fleeting Crystal,Launch Deck,world-collectibles,area-only; precise directions pending,https://www.khwiki.com/Game:Deep_Space
bbsfm:ventus:deep-space:treasure:16,Ventus,main,Deep Space,treasure,16,Mega-Potion,Machinery Bay Access,world-collectibles,area-only; precise directions pending,https://www.khwiki.com/Game:Deep_Space
bbsfm:aqua:deep-space:treasure:1,Aqua,main,Deep Space,treasure,1,Teleport,Turo Prison Block,world-collectibles,area-only; precise directions pending,https://www.khwiki.com/Game:Deep_Space
bbsfm:aqua:deep-space:treasure:2,Aqua,main,Deep Space,treasure,2,Blitz,Turo Prison Block,world-collectibles,area-only; precise directions pending,https://www.khwiki.com/Game:Deep_Space
bbsfm:aqua:deep-space:treasure:3,Aqua,main,Deep Space,treasure,3,Abounding Crystal,Turo Prison Block,world-collectibles,area-only; precise directions pending,https://www.khwiki.com/Game:Deep_Space
bbsfm:aqua:deep-space:treasure:4,Aqua,main,Deep Space,treasure,4,Mega-Potion,Turo Prison Block,world-collectibles,area-only; precise directions pending,https://www.khwiki.com/Game:Deep_Space
bbsfm:aqua:deep-space:treasure:5,Aqua,main,Deep Space,treasure,5,Map,Turo Transporter,world-collectibles,area-only; precise directions pending,https://www.khwiki.com/Game:Deep_Space
bbsfm:aqua:deep-space:treasure:6,Aqua,main,Deep Space,treasure,6,Hi-Potion,Durgon Transporter,world-collectibles,area-only; precise directions pending,https://www.khwiki.com/Game:Deep_Space
bbsfm:aqua:deep-space:treasure:7,Aqua,main,Deep Space,treasure,7,Ether,Control Room,world-collectibles,area-only; precise directions pending,https://www.khwiki.com/Game:Deep_Space
bbsfm:aqua:deep-space:treasure:8,Aqua,main,Deep Space,treasure,8,Balloon Letter,Control Room,world-collectibles,area-only; precise directions pending,https://www.khwiki.com/Game:Deep_Space
bbsfm:aqua:deep-space:treasure:9,Aqua,main,Deep Space,treasure,9,Fire Surge,Ship Hub,world-collectibles,area-only; precise directions pending,https://www.khwiki.com/Game:Deep_Space
bbsfm:aqua:deep-space:treasure:10,Aqua,main,Deep Space,treasure,10,Prism Rain,Ship Hub,world-collectibles,area-only; precise directions pending,https://www.khwiki.com/Game:Deep_Space
bbsfm:aqua:deep-space:treasure:11,Aqua,main,Deep Space,treasure,11,Zero Gravira,Launch Deck,world-collectibles,area-only; precise directions pending,https://www.khwiki.com/Game:Deep_Space
bbsfm:aqua:deep-space:treasure:12,Aqua,main,Deep Space,treasure,12,Hungry Crystal,Launch Deck,world-collectibles,area-only; precise directions pending,https://www.khwiki.com/Game:Deep_Space
bbsfm:aqua:deep-space:treasure:13,Aqua,main,Deep Space,treasure,13,Mega-Ether,Launch Deck,world-collectibles,area-only; precise directions pending,https://www.khwiki.com/Game:Deep_Space
bbsfm:aqua:deep-space:treasure:14,Aqua,main,Deep Space,treasure,14,Mega Attack Recipe,Machinery Bay Access,world-collectibles,area-only; precise directions pending,https://www.khwiki.com/Game:Deep_Space
bbsfm:terra:neverland:treasure:1,Terra,main,Neverland,treasure,1,Hi-Potion,Cove,world-collectibles,area-only; precise directions pending,https://www.khwiki.com/Game:Neverland
bbsfm:terra:neverland:treasure:2,Terra,main,Neverland,treasure,2,Ether,Cove,world-collectibles,area-only; precise directions pending,https://www.khwiki.com/Game:Neverland
bbsfm:terra:neverland:treasure:3,Terra,main,Neverland,treasure,3,Hi-Potion,Cliff Path,world-collectibles,area-only; precise directions pending,https://www.khwiki.com/Game:Neverland
bbsfm:terra:neverland:treasure:4,Terra,main,Neverland,treasure,4,Mega-Potion,Cliff Path,world-collectibles,area-only; precise directions pending,https://www.khwiki.com/Game:Neverland
bbsfm:terra:neverland:treasure:5,Terra,main,Neverland,treasure,5,Firaga,Cliff Path,world-collectibles,area-only; precise directions pending,https://www.khwiki.com/Game:Neverland
bbsfm:terra:neverland:treasure:6,Terra,main,Neverland,treasure,6,Dark Haze,Mermaid Lagoon,world-collectibles,area-only; precise directions pending,https://www.khwiki.com/Game:Neverland
bbsfm:terra:neverland:treasure:7,Terra,main,Neverland,treasure,7,Geo Impact,Mermaid Lagoon,world-collectibles,area-only; precise directions pending,https://www.khwiki.com/Game:Neverland
bbsfm:terra:neverland:treasure:8,Terra,main,Neverland,treasure,8,Elixir,Mermaid Lagoon,world-collectibles,area-only; precise directions pending,https://www.khwiki.com/Game:Neverland
bbsfm:terra:neverland:treasure:9,Terra,main,Neverland,treasure,9,Hi-Potion,Jungle Clearing,world-collectibles,area-only; precise directions pending,https://www.khwiki.com/Game:Neverland
bbsfm:terra:neverland:treasure:10,Terra,main,Neverland,treasure,10,Shimmering Crystal,Peter's Hideout,world-collectibles,area-only; precise directions pending,https://www.khwiki.com/Game:Neverland
bbsfm:terra:neverland:treasure:11,Terra,main,Neverland,treasure,11,Mega Magic Recipe,Peter's Hideout,world-collectibles,area-only; precise directions pending,https://www.khwiki.com/Game:Neverland
bbsfm:terra:neverland:treasure:12,Terra,main,Neverland,treasure,12,Map,Gulley,world-collectibles,area-only; precise directions pending,https://www.khwiki.com/Game:Neverland
bbsfm:terra:neverland:treasure:13,Terra,main,Neverland,treasure,13,Hi-Potion,Gulley,world-collectibles,area-only; precise directions pending,https://www.khwiki.com/Game:Neverland
bbsfm:terra:neverland:treasure:14,Terra,main,Neverland,treasure,14,Megalixir,Rainbow Falls: Base,world-collectibles,area-only; precise directions pending,https://www.khwiki.com/Game:Neverland
bbsfm:terra:neverland:treasure:15,Terra,main,Neverland,treasure,15,Zero Graviga,Rainbow Falls: Base,world-collectibles,area-only; precise directions pending,https://www.khwiki.com/Game:Neverland
bbsfm:terra:neverland:treasure:16,Terra,main,Neverland,treasure,16,Abounding Crystal,Rainbow Falls: Crest,world-collectibles,area-only; precise directions pending,https://www.khwiki.com/Game:Neverland
bbsfm:terra:neverland:treasure:17,Terra,main,Neverland,treasure,17,Panacea,Skull Rock: Entrance,world-collectibles,area-only; precise directions pending,https://www.khwiki.com/Game:Neverland
bbsfm:terra:neverland:treasure:18,Terra,main,Neverland,treasure,18,Megalixir,Skull Rock: Cavern,world-collectibles,area-only; precise directions pending,https://www.khwiki.com/Game:Neverland
bbsfm:terra:neverland:treasure:19,Terra,main,Neverland,treasure,19,Ars Solum,Skull Rock: Cavern,world-collectibles,area-only; precise directions pending,https://www.khwiki.com/Game:Neverland
bbsfm:terra:neverland:treasure:20,Terra,main,Neverland,treasure,20,Chaos Crystal,Skull Rock: Cavern,world-collectibles,area-only; precise directions pending,https://www.khwiki.com/Game:Neverland
bbsfm:ventus:neverland:treasure:1,Ventus,main,Neverland,treasure,1,Megalixir,Cove,world-collectibles,area-only; precise directions pending,https://www.khwiki.com/Game:Neverland
bbsfm:ventus:neverland:treasure:2,Ventus,main,Neverland,treasure,2,Mega-Potion,Cove,world-collectibles,area-only; precise directions pending,https://www.khwiki.com/Game:Neverland
bbsfm:ventus:neverland:treasure:3,Ventus,main,Neverland,treasure,3,Ether,Cove,world-collectibles,area-only; precise directions pending,https://www.khwiki.com/Game:Neverland
bbsfm:ventus:neverland:treasure:4,Ventus,main,Neverland,treasure,4,Hi-Potion,Cliff Path,world-collectibles,area-only; precise directions pending,https://www.khwiki.com/Game:Neverland
bbsfm:ventus:neverland:treasure:5,Ventus,main,Neverland,treasure,5,Firaga,Cliff Path,world-collectibles,area-only; precise directions pending,https://www.khwiki.com/Game:Neverland
bbsfm:ventus:neverland:treasure:6,Ventus,main,Neverland,treasure,6,Treasure Raid,Cliff Path,world-collectibles,area-only; precise directions pending,https://www.khwiki.com/Game:Neverland
bbsfm:ventus:neverland:treasure:7,Ventus,main,Neverland,treasure,7,Aeroga,Mermaid Lagoon,world-collectibles,area-only; precise directions pending,https://www.khwiki.com/Game:Neverland
bbsfm:ventus:neverland:treasure:8,Ventus,main,Neverland,treasure,8,Blitz,Mermaid Lagoon,world-collectibles,area-only; precise directions pending,https://www.khwiki.com/Game:Neverland
bbsfm:ventus:neverland:treasure:9,Ventus,main,Neverland,treasure,9,Elixir,Mermaid Lagoon,world-collectibles,area-only; precise directions pending,https://www.khwiki.com/Game:Neverland
bbsfm:ventus:neverland:treasure:10,Ventus,main,Neverland,treasure,10,Hi-Potion,Seacoast,world-collectibles,area-only; precise directions pending,https://www.khwiki.com/Game:Neverland
bbsfm:ventus:neverland:treasure:11,Ventus,main,Neverland,treasure,11,Panacea,Seacoast,world-collectibles,area-only; precise directions pending,https://www.khwiki.com/Game:Neverland
bbsfm:ventus:neverland:treasure:12,Ventus,main,Neverland,treasure,12,Balloon Letter,Jungle Clearing,world-collectibles,area-only; precise directions pending,https://www.khwiki.com/Game:Neverland
bbsfm:ventus:neverland:treasure:13,Ventus,main,Neverland,treasure,13,Mega-Ether,Peter's Hideout,world-collectibles,area-only; precise directions pending,https://www.khwiki.com/Game:Neverland
bbsfm:ventus:neverland:treasure:14,Ventus,main,Neverland,treasure,14,Fleeting Crystal,Peter's Hideout,world-collectibles,area-only; precise directions pending,https://www.khwiki.com/Game:Neverland
bbsfm:ventus:neverland:treasure:15,Ventus,main,Neverland,treasure,15,Map,Gulley,world-collectibles,area-only; precise directions pending,https://www.khwiki.com/Game:Neverland
bbsfm:ventus:neverland:treasure:16,Ventus,main,Neverland,treasure,16,Abounding Crystal,Gulley,world-collectibles,area-only; precise directions pending,https://www.khwiki.com/Game:Neverland
bbsfm:ventus:neverland:treasure:17,Ventus,main,Neverland,treasure,17,Megalixir,Rainbow Falls: Base,world-collectibles,area-only; precise directions pending,https://www.khwiki.com/Game:Neverland
bbsfm:aqua:neverland:treasure:1,Aqua,main,Neverland,treasure,1,Firaga Burst,Mermaid Lagoon,world-collectibles,area-only; precise directions pending,https://www.khwiki.com/Game:Neverland
bbsfm:aqua:neverland:treasure:2,Aqua,main,Neverland,treasure,2,Elixir,Mermaid Lagoon,world-collectibles,area-only; precise directions pending,https://www.khwiki.com/Game:Neverland
bbsfm:aqua:neverland:treasure:3,Aqua,main,Neverland,treasure,3,Hi-Potion,Seacoast,world-collectibles,area-only; precise directions pending,https://www.khwiki.com/Game:Neverland
bbsfm:aqua:neverland:treasure:4,Aqua,main,Neverland,treasure,4,Ether,Seacoast,world-collectibles,area-only; precise directions pending,https://www.khwiki.com/Game:Neverland
bbsfm:aqua:neverland:treasure:5,Aqua,main,Neverland,treasure,5,Hi-Potion,Jungle Clearing,world-collectibles,area-only; precise directions pending,https://www.khwiki.com/Game:Neverland
bbsfm:aqua:neverland:treasure:6,Aqua,main,Neverland,treasure,6,Mine Shield,Peter's Hideout,world-collectibles,area-only; precise directions pending,https://www.khwiki.com/Game:Neverland
bbsfm:aqua:neverland:treasure:7,Aqua,main,Neverland,treasure,7,Elixir,Peter's Hideout,world-collectibles,area-only; precise directions pending,https://www.khwiki.com/Game:Neverland
bbsfm:aqua:neverland:treasure:8,Aqua,main,Neverland,treasure,8,Map,Gulley,world-collectibles,area-only; precise directions pending,https://www.khwiki.com/Game:Neverland
bbsfm:aqua:neverland:treasure:9,Aqua,main,Neverland,treasure,9,Mega-Potion,Gulley,world-collectibles,area-only; precise directions pending,https://www.khwiki.com/Game:Neverland
bbsfm:aqua:neverland:treasure:10,Aqua,main,Neverland,treasure,10,Panacea,Rainbow Falls: Base,world-collectibles,area-only; precise directions pending,https://www.khwiki.com/Game:Neverland
bbsfm:aqua:neverland:treasure:11,Aqua,main,Neverland,treasure,11,Fleeting Crystal,Rainbow Falls: Base,world-collectibles,area-only; precise directions pending,https://www.khwiki.com/Game:Neverland
bbsfm:aqua:neverland:treasure:12,Aqua,main,Neverland,treasure,12,Time Splicer,Rainbow Falls: Ascent,world-collectibles,area-only; precise directions pending,https://www.khwiki.com/Game:Neverland
bbsfm:aqua:neverland:treasure:13,Aqua,main,Neverland,treasure,13,Thundaga,Rainbow Falls: Ascent,world-collectibles,area-only; precise directions pending,https://www.khwiki.com/Game:Neverland
bbsfm:aqua:neverland:treasure:14,Aqua,main,Neverland,treasure,14,Chaos Crystal,Rainbow Falls: Ascent,world-collectibles,area-only; precise directions pending,https://www.khwiki.com/Game:Neverland
bbsfm:aqua:neverland:treasure:15,Aqua,main,Neverland,treasure,15,Firaga,Rainbow Falls: Ascent,world-collectibles,area-only; precise directions pending,https://www.khwiki.com/Game:Neverland
bbsfm:aqua:neverland:treasure:16,Aqua,main,Neverland,treasure,16,Mega-Ether,Rainbow Falls: Crest,world-collectibles,area-only; precise directions pending,https://www.khwiki.com/Game:Neverland
bbsfm:terra:mysterious-tower:treasure:1,Terra,main,Mysterious Tower,treasure,1,Pulsing Crystal,Mysterious Tower,world-collectibles,area-only; precise directions pending,https://www.khwiki.com/Game:Mysterious_Tower
bbsfm:terra:mysterious-tower:treasure:2,Terra,main,Mysterious Tower,treasure,2,Balloon Letter,Mysterious Tower,world-collectibles,area-only; precise directions pending,https://www.khwiki.com/Game:Mysterious_Tower
bbsfm:terra:mysterious-tower:treasure:3,Terra,main,Mysterious Tower,treasure,3,Cure,Mysterious Tower,world-collectibles,area-only; precise directions pending,https://www.khwiki.com/Game:Mysterious_Tower
bbsfm:terra:mysterious-tower:treasure:4,Terra,main,Mysterious Tower,treasure,4,Magic Recipe,Tower Entrance,world-collectibles,area-only; precise directions pending,https://www.khwiki.com/Game:Mysterious_Tower
bbsfm:ventus:mysterious-tower:treasure:1,Ventus,main,Mysterious Tower,treasure,1,Magnega,Mysterious Tower,world-collectibles,area-only; precise directions pending,https://www.khwiki.com/Game:Mysterious_Tower
bbsfm:ventus:mysterious-tower:treasure:2,Ventus,main,Mysterious Tower,treasure,2,Wellspring Crystal,Mysterious Tower,world-collectibles,area-only; precise directions pending,https://www.khwiki.com/Game:Mysterious_Tower
bbsfm:ventus:mysterious-tower:treasure:3,Ventus,main,Mysterious Tower,treasure,3,Chaos Crystal,Mysterious Tower,world-collectibles,area-only; precise directions pending,https://www.khwiki.com/Game:Mysterious_Tower
bbsfm:ventus:mysterious-tower:treasure:4,Ventus,main,Mysterious Tower,treasure,4,Mega Magic Recipe,Tower Entrance,world-collectibles,area-only; precise directions pending,https://www.khwiki.com/Game:Mysterious_Tower
bbsfm:aqua:mysterious-tower:treasure:1,Aqua,main,Mysterious Tower,treasure,1,Magnega,Mysterious Tower,world-collectibles,area-only; precise directions pending,https://www.khwiki.com/Game:Mysterious_Tower
bbsfm:aqua:mysterious-tower:treasure:2,Aqua,main,Mysterious Tower,treasure,2,Shimmering Crystal,Mysterious Tower,world-collectibles,area-only; precise directions pending,https://www.khwiki.com/Game:Mysterious_Tower
bbsfm:aqua:mysterious-tower:treasure:3,Aqua,main,Mysterious Tower,treasure,3,Megalixir,Mysterious Tower,world-collectibles,area-only; precise directions pending,https://www.khwiki.com/Game:Mysterious_Tower
bbsfm:aqua:mysterious-tower:treasure:4,Aqua,main,Mysterious Tower,treasure,4,Mega Attack Recipe,Tower Entrance,world-collectibles,area-only; precise directions pending,https://www.khwiki.com/Game:Mysterious_Tower
bbsfm:terra:keyblade-graveyard:treasure:1,Terra,main,Keyblade Graveyard,treasure,1,Elixir,Seat of War,world-collectibles,area-only; precise directions pending,https://www.khwiki.com/Game:Keyblade_Graveyard
bbsfm:terra:keyblade-graveyard:treasure:2,Terra,main,Keyblade Graveyard,treasure,2,Mega-Potion,Seat of War,world-collectibles,area-only; precise directions pending,https://www.khwiki.com/Game:Keyblade_Graveyard
bbsfm:terra:keyblade-graveyard:treasure:3,Terra,main,Keyblade Graveyard,treasure,3,Map,Seat of War,world-collectibles,area-only; precise directions pending,https://www.khwiki.com/Game:Keyblade_Graveyard
bbsfm:terra:keyblade-graveyard:treasure:4,Terra,main,Keyblade Graveyard,treasure,4,Windcutter,Twister Trench,world-collectibles,area-only; precise directions pending,https://www.khwiki.com/Game:Keyblade_Graveyard
bbsfm:terra:keyblade-graveyard:treasure:5,Terra,main,Keyblade Graveyard,treasure,5,Mega-Potion,Twister Trench,world-collectibles,area-only; precise directions pending,https://www.khwiki.com/Game:Keyblade_Graveyard
bbsfm:terra:keyblade-graveyard:treasure:6,Terra,main,Keyblade Graveyard,treasure,6,Mega-Ether,Twister Trench,world-collectibles,area-only; precise directions pending,https://www.khwiki.com/Game:Keyblade_Graveyard
bbsfm:terra:keyblade-graveyard:treasure:7,Terra,main,Keyblade Graveyard,treasure,7,Megalixir,Twister Trench,world-collectibles,area-only; precise directions pending,https://www.khwiki.com/Game:Keyblade_Graveyard
bbsfm:ventus:keyblade-graveyard:treasure:1,Ventus,main,Keyblade Graveyard,treasure,1,Elixir,Seat of War,world-collectibles,area-only; precise directions pending,https://www.khwiki.com/Game:Keyblade_Graveyard
bbsfm:ventus:keyblade-graveyard:treasure:2,Ventus,main,Keyblade Graveyard,treasure,2,Mega-Potion,Seat of War,world-collectibles,area-only; precise directions pending,https://www.khwiki.com/Game:Keyblade_Graveyard
bbsfm:ventus:keyblade-graveyard:treasure:3,Ventus,main,Keyblade Graveyard,treasure,3,Map,Seat of War,world-collectibles,area-only; precise directions pending,https://www.khwiki.com/Game:Keyblade_Graveyard
bbsfm:ventus:keyblade-graveyard:treasure:4,Ventus,main,Keyblade Graveyard,treasure,4,Wind Raid,Twister Trench,world-collectibles,area-only; precise directions pending,https://www.khwiki.com/Game:Keyblade_Graveyard
bbsfm:ventus:keyblade-graveyard:treasure:5,Ventus,main,Keyblade Graveyard,treasure,5,Mega-Ether,Twister Trench,world-collectibles,area-only; precise directions pending,https://www.khwiki.com/Game:Keyblade_Graveyard
bbsfm:ventus:keyblade-graveyard:treasure:6,Ventus,main,Keyblade Graveyard,treasure,6,Mega-Potion,Twister Trench,world-collectibles,area-only; precise directions pending,https://www.khwiki.com/Game:Keyblade_Graveyard
bbsfm:ventus:keyblade-graveyard:treasure:7,Ventus,main,Keyblade Graveyard,treasure,7,Megalixir,Twister Trench,world-collectibles,area-only; precise directions pending,https://www.khwiki.com/Game:Keyblade_Graveyard
bbsfm:ventus:keyblade-graveyard:treasure:8,Ventus,main,Keyblade Graveyard,treasure,8,Elixir,Twister Trench,world-collectibles,area-only; precise directions pending,https://www.khwiki.com/Game:Keyblade_Graveyard
bbsfm:ventus:keyblade-graveyard:treasure:9,Ventus,main,Keyblade Graveyard,treasure,9,Xehanort's Report XII,Seat of War,world-collectibles,area-only; precise directions pending,https://www.khwiki.com/Game:Keyblade_Graveyard
bbsfm:aqua:keyblade-graveyard:treasure:1,Aqua,main,Keyblade Graveyard,treasure,1,Elixir,Seat of War,world-collectibles,area-only; precise directions pending,https://www.khwiki.com/Game:Keyblade_Graveyard
bbsfm:aqua:keyblade-graveyard:treasure:2,Aqua,main,Keyblade Graveyard,treasure,2,Mega-Potion,Seat of War,world-collectibles,area-only; precise directions pending,https://www.khwiki.com/Game:Keyblade_Graveyard
bbsfm:aqua:keyblade-graveyard:treasure:3,Aqua,main,Keyblade Graveyard,treasure,3,Map,Seat of War,world-collectibles,area-only; precise directions pending,https://www.khwiki.com/Game:Keyblade_Graveyard
bbsfm:aqua:keyblade-graveyard:treasure:4,Aqua,main,Keyblade Graveyard,treasure,4,Aeroga,Twister Trench,world-collectibles,area-only; precise directions pending,https://www.khwiki.com/Game:Keyblade_Graveyard
bbsfm:aqua:keyblade-graveyard:treasure:5,Aqua,main,Keyblade Graveyard,treasure,5,Mega-Ether,Twister Trench,world-collectibles,area-only; precise directions pending,https://www.khwiki.com/Game:Keyblade_Graveyard
bbsfm:aqua:keyblade-graveyard:treasure:6,Aqua,main,Keyblade Graveyard,treasure,6,Mega-Potion,Twister Trench,world-collectibles,area-only; precise directions pending,https://www.khwiki.com/Game:Keyblade_Graveyard
bbsfm:aqua:keyblade-graveyard:treasure:7,Aqua,main,Keyblade Graveyard,treasure,7,Megalixir,Twister Trench,world-collectibles,area-only; precise directions pending,https://www.khwiki.com/Game:Keyblade_Graveyard
bbsfm:aqua:secret-episode:treasure:1,Aqua,secret-episode,Realm of Darkness,treasure,1,Zero Graviga,Middle Zone,secret-episode-collectibles,area-only; precise directions pending,https://www.khwiki.com/Game:Realm_of_Darkness
bbsfm:aqua:secret-episode:treasure:2,Aqua,secret-episode,Realm of Darkness,treasure,2,Blackout,Lower Zone,secret-episode-collectibles,area-only; precise directions pending,https://www.khwiki.com/Game:Realm_of_Darkness
bbsfm:aqua:secret-episode:treasure:3,Aqua,secret-episode,Realm of Darkness,treasure,3,Balloon Letter,Middle Zone,secret-episode-collectibles,area-only; precise directions pending,https://www.khwiki.com/Game:Realm_of_Darkness
bbsfm:aqua:secret-episode:treasure:4,Aqua,secret-episode,Realm of Darkness,treasure,4,Chaos Crystal,Lower Zone,secret-episode-collectibles,area-only; precise directions pending,https://www.khwiki.com/Game:Realm_of_Darkness
bbsfm:aqua:secret-episode:treasure:5,Aqua,secret-episode,Realm of Darkness,treasure,5,Secret Gem,Lower Zone,secret-episode-collectibles,area-only; precise directions pending; conflicting area source,https://www.khwiki.com/Game:Realm_of_Darkness
bbsfm:aqua:secret-episode:treasure:6,Aqua,secret-episode,Realm of Darkness,treasure,6,Transcendence,Lower Zone,secret-episode-collectibles,area-only; precise directions pending,https://www.khwiki.com/Game:Realm_of_Darkness
bbsfm:aqua:secret-episode:treasure:7,Aqua,secret-episode,Realm of Darkness,treasure,7,Triple Firaga,Upper Zone,secret-episode-collectibles,area-only; precise directions pending,https://www.khwiki.com/Game:Realm_of_Darkness
bbsfm:aqua:secret-episode:treasure:8,Aqua,secret-episode,Realm of Darkness,treasure,8,Megalixir,Upper Zone,secret-episode-collectibles,area-only; precise directions pending,https://www.khwiki.com/Game:Realm_of_Darkness
bbsfm:terra:enchanted-dominion:sticker:balloon-sticker:forest-clearing,Terra,main,Enchanted Dominion,sticker,,Balloon Sticker,Forest Clearing,world-collectibles,area-only; precise directions and optimal album placement pending,https://www.khwiki.com/Sticker_Album
bbsfm:terra:enchanted-dominion:sticker:huey-sticker:audience-chamber,Terra,main,Enchanted Dominion,sticker,,Huey Sticker,Audience Chamber,world-collectibles,area-only; precise directions and optimal album placement pending,https://www.khwiki.com/Sticker_Album
bbsfm:terra:enchanted-dominion:sticker:flying-balloon-sticker:tower-room,Terra,main,Enchanted Dominion,sticker,,Flying Balloon Sticker,Tower Room,world-collectibles,area-only; precise directions and optimal album placement pending,https://www.khwiki.com/Sticker_Album
bbsfm:terra:dwarf-woodlands:sticker:louie-sticker:underground-waterway,Terra,main,Dwarf Woodlands,sticker,,Louie Sticker,Underground Waterway,world-collectibles,area-only; precise directions and optimal album placement pending,https://www.khwiki.com/Sticker_Album
bbsfm:terra:dwarf-woodlands:sticker:balloon-sticker:flower-glade,Terra,main,Dwarf Woodlands,sticker,,Balloon Sticker,Flower Glade,world-collectibles,area-only; precise directions and optimal album placement pending,https://www.khwiki.com/Sticker_Album
bbsfm:terra:castle-of-dreams:sticker:traffic-cone-sticker:the-chateau,Terra,main,Castle of Dreams,sticker,,Traffic Cone Sticker,The Chateau,world-collectibles,area-only; precise directions and optimal album placement pending,https://www.khwiki.com/Sticker_Album
bbsfm:terra:enchanted-dominion:sticker:flying-balloon-sticker:passage,Terra,main,Enchanted Dominion,sticker,,Flying Balloon Sticker,Passage,world-collectibles,area-only; precise directions and optimal album placement pending,https://www.khwiki.com/Sticker_Album
bbsfm:terra:mysterious-tower:sticker:balloon-sticker:sorcerer-s-chamber,Terra,main,Mysterious Tower,sticker,,Balloon Sticker,Sorcerer's Chamber,world-collectibles,area-only; precise directions and optimal album placement pending,https://www.khwiki.com/Sticker_Album
bbsfm:terra:radiant-garden:sticker:flying-balloon-sticker:central-square,Terra,main,Radiant Garden,sticker,,Flying Balloon Sticker,Central Square,world-collectibles,area-only; precise directions and optimal album placement pending,https://www.khwiki.com/Sticker_Album
bbsfm:terra:radiant-garden:sticker:dale-sticker:fountain-court,Terra,main,Radiant Garden,sticker,,Dale Sticker,Fountain Court,world-collectibles,area-only; precise directions and optimal album placement pending,https://www.khwiki.com/Sticker_Album
bbsfm:terra:radiant-garden:sticker:airplane-sticker:outer-gardens,Terra,main,Radiant Garden,sticker,,Airplane Sticker,Outer Gardens,world-collectibles,area-only; precise directions and optimal album placement pending,https://www.khwiki.com/Sticker_Album
bbsfm:terra:disney-town:sticker:traffic-cone-sticker:raceway,Terra,main,Disney Town,sticker,,Traffic Cone Sticker,Raceway,world-collectibles,area-only; precise directions and optimal album placement pending,https://www.khwiki.com/Sticker_Album
bbsfm:terra:disney-town:sticker:pete-sticker:gizmo-gallery,Terra,main,Disney Town,sticker,,Pete Sticker,Gizmo Gallery,world-collectibles,area-only; precise directions and optimal album placement pending,https://www.khwiki.com/Sticker_Album
bbsfm:terra:olympus-coliseum:sticker:balloon-sticker:coliseum-gates,Terra,main,Olympus Coliseum,sticker,,Balloon Sticker,Coliseum Gates,world-collectibles,area-only; precise directions and optimal album placement pending,https://www.khwiki.com/Sticker_Album
bbsfm:terra:deep-space:sticker:flying-balloon-sticker:turo-prison-block,Terra,main,Deep Space,sticker,,Flying Balloon Sticker,Turo Prison Block,world-collectibles,area-only; precise directions and optimal album placement pending,https://www.khwiki.com/Sticker_Album
bbsfm:terra:deep-space:sticker:ufo-sticker:ship-corridor,Terra,main,Deep Space,sticker,,UFO Sticker,Ship Corridor,world-collectibles,area-only; precise directions and optimal album placement pending,https://www.khwiki.com/Sticker_Album
bbsfm:terra:neverland:sticker:rainbow-sticker:rainbow-falls-base,Terra,main,Neverland,sticker,,Rainbow Sticker,Rainbow Falls: Base,world-collectibles,area-only; precise directions and optimal album placement pending,https://www.khwiki.com/Sticker_Album
bbsfm:terra:neverland:sticker:chip-sticker:skull-rock-entrance,Terra,main,Neverland,sticker,,Chip Sticker,Skull Rock: Entrance,world-collectibles,area-only; precise directions and optimal album placement pending,https://www.khwiki.com/Sticker_Album
bbsfm:terra:neverland:sticker:dewey-sticker:peter-s-hideout,Terra,main,Neverland,sticker,,Dewey Sticker,Peter's Hideout,world-collectibles,area-only; precise directions and optimal album placement pending,https://www.khwiki.com/Sticker_Album
bbsfm:terra:keyblade-graveyard:sticker:traffic-cone-sticker:twister-trench,Terra,main,Keyblade Graveyard,sticker,,Traffic Cone Sticker,Twister Trench,world-collectibles,area-only; precise directions and optimal album placement pending,https://www.khwiki.com/Sticker_Album
bbsfm:ventus:dwarf-woodlands:sticker:balloon-sticker:mine-entrance,Ventus,main,Dwarf Woodlands,sticker,,Balloon Sticker,Mine Entrance,world-collectibles,area-only; precise directions and optimal album placement pending,https://www.khwiki.com/Sticker_Album
bbsfm:ventus:dwarf-woodlands:sticker:ice-cream-sticker:cottage-clearing,Ventus,main,Dwarf Woodlands,sticker,,Ice Cream Sticker,Cottage Clearing,world-collectibles,area-only; precise directions and optimal album placement pending,https://www.khwiki.com/Sticker_Album
bbsfm:ventus:castle-of-dreams:sticker:louie-sticker:mousehole,Ventus,main,Castle of Dreams,sticker,,Louie Sticker,Mousehole,world-collectibles,area-only; precise directions and optimal album placement pending,https://www.khwiki.com/Sticker_Album
bbsfm:ventus:castle-of-dreams:sticker:fireworks-sticker:cinderella-s-room,Ventus,main,Castle of Dreams,sticker,,Fireworks Sticker,Cinderella's Room,world-collectibles,area-only; precise directions and optimal album placement pending,https://www.khwiki.com/Sticker_Album
bbsfm:ventus:enchanted-dominion:sticker:dewey-sticker:audience-chamber,Ventus,main,Enchanted Dominion,sticker,,Dewey Sticker,Audience Chamber,world-collectibles,area-only; precise directions and optimal album placement pending,https://www.khwiki.com/Sticker_Album
bbsfm:ventus:enchanted-dominion:sticker:confetti-sticker:hall,Ventus,main,Enchanted Dominion,sticker,,Confetti Sticker,Hall,world-collectibles,area-only; precise directions and optimal album placement pending,https://www.khwiki.com/Sticker_Album
bbsfm:ventus:radiant-garden:sticker:ice-cream-sticker:gardens,Ventus,main,Radiant Garden,sticker,,Ice Cream Sticker,Gardens,world-collectibles,area-only; precise directions and optimal album placement pending,https://www.khwiki.com/Sticker_Album
bbsfm:ventus:radiant-garden:sticker:fireworks-sticker:front-doors,Ventus,main,Radiant Garden,sticker,,Fireworks Sticker,Front Doors,world-collectibles,area-only; precise directions and optimal album placement pending,https://www.khwiki.com/Sticker_Album
bbsfm:ventus:radiant-garden:sticker:huey-sticker:fountain-court,Ventus,main,Radiant Garden,sticker,,Huey Sticker,Fountain Court,world-collectibles,area-only; precise directions and optimal album placement pending,https://www.khwiki.com/Sticker_Album
bbsfm:ventus:disney-town:sticker:chip-sticker:raceway,Ventus,main,Disney Town,sticker,,Chip Sticker,Raceway,world-collectibles,area-only; precise directions and optimal album placement pending,https://www.khwiki.com/Sticker_Album
bbsfm:ventus:disney-town:sticker:mickey-sticker:gizmo-gallery,Ventus,main,Disney Town,sticker,,Mickey Sticker,Gizmo Gallery,world-collectibles,area-only; precise directions and optimal album placement pending,https://www.khwiki.com/Sticker_Album
bbsfm:ventus:disney-town:sticker:minnie-sticker:pete-s-rec-room,Ventus,main,Disney Town,sticker,,Minnie Sticker,Pete's Rec Room,world-collectibles,area-only; precise directions and optimal album placement pending,https://www.khwiki.com/Sticker_Album
bbsfm:ventus:olympus-coliseum:sticker:confetti-sticker:coliseum-gates,Ventus,main,Olympus Coliseum,sticker,,Confetti Sticker,Coliseum Gates,world-collectibles,area-only; precise directions and optimal album placement pending,https://www.khwiki.com/Sticker_Album
bbsfm:ventus:deep-space:sticker:ufo-sticker:ship-hub,Ventus,main,Deep Space,sticker,,UFO Sticker,Ship Hub,world-collectibles,area-only; precise directions and optimal album placement pending,https://www.khwiki.com/Sticker_Album
bbsfm:ventus:deep-space:sticker:ice-cream-sticker:launch-deck,Ventus,main,Deep Space,sticker,,Ice Cream Sticker,Launch Deck,world-collectibles,area-only; precise directions and optimal album placement pending,https://www.khwiki.com/Sticker_Album
bbsfm:ventus:neverland:sticker:rainbow-sticker:rainbow-falls-base,Ventus,main,Neverland,sticker,,Rainbow Sticker,Rainbow Falls: Base,world-collectibles,area-only; precise directions and optimal album placement pending,https://www.khwiki.com/Sticker_Album
bbsfm:ventus:neverland:sticker:dale-sticker:mermaid-lagoon,Ventus,main,Neverland,sticker,,Dale Sticker,Mermaid Lagoon,world-collectibles,area-only; precise directions and optimal album placement pending,https://www.khwiki.com/Sticker_Album
bbsfm:ventus:mysterious-tower:sticker:ice-cream-sticker:mysterious-tower,Ventus,main,Mysterious Tower,sticker,,Ice Cream Sticker,Mysterious Tower,world-collectibles,area-only; precise directions and optimal album placement pending,https://www.khwiki.com/Sticker_Album
bbsfm:ventus:keyblade-graveyard:sticker:ice-cream-sticker:seat-of-war,Ventus,main,Keyblade Graveyard,sticker,,Ice Cream Sticker,Seat of War,world-collectibles,area-only; precise directions and optimal album placement pending,https://www.khwiki.com/Sticker_Album
bbsfm:ventus:keyblade-graveyard:sticker:ice-cream-sticker:twister-trench,Ventus,main,Keyblade Graveyard,sticker,,Ice Cream Sticker,Twister Trench,world-collectibles,area-only; precise directions and optimal album placement pending,https://www.khwiki.com/Sticker_Album
bbsfm:aqua:castle-of-dreams:sticker:fireworks-sticker:foyer,Aqua,main,Castle of Dreams,sticker,,Fireworks Sticker,Foyer,world-collectibles,area-only; precise directions and optimal album placement pending,https://www.khwiki.com/Sticker_Album
bbsfm:aqua:castle-of-dreams:sticker:bubble-sticker:palace-courtyard,Aqua,main,Castle of Dreams,sticker,,Bubble Sticker,Palace Courtyard,world-collectibles,area-only; precise directions and optimal album placement pending,https://www.khwiki.com/Sticker_Album
bbsfm:aqua:dwarf-woodlands:sticker:picnic-basket-sticker:courtyard,Aqua,main,Dwarf Woodlands,sticker,,Picnic Basket Sticker,Courtyard,world-collectibles,area-only; precise directions and optimal album placement pending,https://www.khwiki.com/Sticker_Album
bbsfm:aqua:dwarf-woodlands:sticker:bubble-sticker:vault,Aqua,main,Dwarf Woodlands,sticker,,Bubble Sticker,Vault,world-collectibles,area-only; precise directions and optimal album placement pending,https://www.khwiki.com/Sticker_Album
bbsfm:aqua:enchanted-dominion:sticker:horace-sticker:dungeon,Aqua,main,Enchanted Dominion,sticker,,Horace Sticker,Dungeon,world-collectibles,area-only; precise directions and optimal album placement pending,https://www.khwiki.com/Sticker_Album
bbsfm:aqua:enchanted-dominion:sticker:flower-sticker:forest-clearing,Aqua,main,Enchanted Dominion,sticker,,Flower Sticker,Forest Clearing,world-collectibles,area-only; precise directions and optimal album placement pending,https://www.khwiki.com/Sticker_Album
bbsfm:aqua:radiant-garden:sticker:juice-sticker:front-doors,Aqua,main,Radiant Garden,sticker,,Juice Sticker,Front Doors,world-collectibles,area-only; precise directions and optimal album placement pending,https://www.khwiki.com/Sticker_Album
bbsfm:aqua:radiant-garden:sticker:donut-sticker:aqueduct,Aqua,main,Radiant Garden,sticker,,Donut Sticker,Aqueduct,world-collectibles,area-only; precise directions and optimal album placement pending,https://www.khwiki.com/Sticker_Album
bbsfm:aqua:radiant-garden:sticker:flower-sticker:castle-town,Aqua,main,Radiant Garden,sticker,,Flower Sticker,Castle Town,world-collectibles,area-only; precise directions and optimal album placement pending,https://www.khwiki.com/Sticker_Album
bbsfm:aqua:disney-town:sticker:minnie-sticker:main-plaza,Aqua,main,Disney Town,sticker,,Minnie Sticker,Main Plaza,world-collectibles,area-only; precise directions and optimal album placement pending,https://www.khwiki.com/Sticker_Album
bbsfm:aqua:disney-town:sticker:daisy-sticker:raceway,Aqua,main,Disney Town,sticker,,Daisy Sticker,Raceway,world-collectibles,area-only; precise directions and optimal album placement pending,https://www.khwiki.com/Sticker_Album
bbsfm:aqua:olympus-coliseum:sticker:fireworks-sticker:coliseum-gates,Aqua,main,Olympus Coliseum,sticker,,Fireworks Sticker,Coliseum Gates,world-collectibles,area-only; precise directions and optimal album placement pending,https://www.khwiki.com/Sticker_Album
bbsfm:aqua:deep-space:sticker:dale-sticker:turo-prison-block,Aqua,main,Deep Space,sticker,,Dale Sticker,Turo Prison Block,world-collectibles,area-only; precise directions and optimal album placement pending,https://www.khwiki.com/Sticker_Album
bbsfm:aqua:deep-space:sticker:ufo-sticker:ship-hub,Aqua,main,Deep Space,sticker,,UFO Sticker,Ship Hub,world-collectibles,area-only; precise directions and optimal album placement pending,https://www.khwiki.com/Sticker_Album
bbsfm:aqua:neverland:sticker:fireworks-sticker:jungle-clearing,Aqua,main,Neverland,sticker,,Fireworks Sticker,Jungle Clearing,world-collectibles,area-only; precise directions and optimal album placement pending,https://www.khwiki.com/Sticker_Album
bbsfm:aqua:neverland:sticker:rainbow-sticker:mermaid-lagoon,Aqua,main,Neverland,sticker,,Rainbow Sticker,Mermaid Lagoon,world-collectibles,area-only; precise directions and optimal album placement pending,https://www.khwiki.com/Sticker_Album
bbsfm:aqua:neverland:sticker:chip-sticker:rainbow-falls-ascent,Aqua,main,Neverland,sticker,,Chip Sticker,Rainbow Falls: Ascent,world-collectibles,area-only; precise directions and optimal album placement pending,https://www.khwiki.com/Sticker_Album
bbsfm:aqua:mysterious-tower:sticker:donald-sticker:tower-entrance,Aqua,main,Mysterious Tower,sticker,,Donald Sticker,Tower Entrance,world-collectibles,area-only; precise directions and optimal album placement pending,https://www.khwiki.com/Sticker_Album
bbsfm:aqua:keyblade-graveyard:sticker:flower-sticker:seat-of-war,Aqua,main,Keyblade Graveyard,sticker,,Flower Sticker,Seat of War,world-collectibles,area-only; precise directions and optimal album placement pending,https://www.khwiki.com/Sticker_Album
bbsfm:aqua:keyblade-graveyard:sticker:bubble-sticker:fissure,Aqua,main,Keyblade Graveyard,sticker,,Bubble Sticker,Fissure,world-collectibles,area-only; precise directions and optimal album placement pending,https://www.khwiki.com/Sticker_Album
